Image, AU01_r, AU02_r, AU04_r, AU05_r, AU06_r, AU07_r, AU09_r, AU10_r, AU12_r, AU14_r, AU15_r, AU17_r, AU20_r, AU23_r, AU25_r, AU26_r, AU45_r, AU01_c, AU02_c, AU04_c, AU05_c, AU06_c, AU07_c, AU09_c, AU10_c, AU12_c, AU14_c, AU15_c, AU17_c, AU20_c, AU23_c, AU25_c, AU26_c, AU28_c, AU45_c,emotion
anger1,0.8,1.02,1.94,0.37,0,2.51,0,0,0,0,0,0,0,0,0,0,0,1,1,1,0,0,1,0,0,0,0,0,0,0,0,0,0,0,0,1
anger2,0.68,0.96,1.97,0.38,0,2.4,0,0,0,0,0,0,0,0,0,0,0,1,1,1,0,0,1,0,0,0,0,0,0,0,0,0,0,0,0,1
anger3,0.41,0.62,1.77,0.26,0,1.86,0,0,0,0,0,0,0,0,0,0,0.19,1,1,1,0,0,1,0,0,0,0,0,0,0,0,0,0,0,0,1
anger4,0.18,0.31,1.54,0.16,0,1.43,0,0,0,0,0,0,0,0,0,0,0.38,0,1,1,0,0,1,0,0,0,0,0,0,0,0,0,0,0,0,1
anger5,0,0,1.35,0,0,0.8,0,0,0,0,0,0,0,0,0,0,0.57,0,1,1,0,0,1,0,0,0,0,0,0,0,0,0,0,0,0,1
anger6,0,0,1.27,0,0,0.82,0,0,0,0,0,0,0,0,0,0,0.38,0,1,1,0,0,1,0,0,0,0,0,0,0,0,0,0,0,0,1
anger7,0.03,0,1.26,0,0,0.75,0,0,0,0,0,0,0,0,0,0,0.19,0,0,1,0,0,1,0,0,0,0,0,0,0,0,0,0,0,0,1
anger8,0.04,0,1.28,0,0,0.95,0,0,0,0,0,0,0,0,0,0,0,0,0,1,0,0,1,0,0,0,0,0,0,0,0,0,0,0,0,1
anger9,0.24,0,1.45,0.06,0,0.63,0,0,0,0,0,0,0,0,0,0,0.13,0,0,1,0,0,1,0,0,0,0,0,0,0,0,0,0,0,0,1
anger10,0.45,0.03,1.53,0.14,0,0.39,0,0,0,0,0,0,0,0,0,0,0.24,0,0,1,0,0,0,0,0,0,0,0,0,0,0,0,0,0,0,1
anger11,0.69,0.1,1.57,0.22,0,0,0,0,0,0,0,0,0,0,0,0,0.36,0,0,1,0,0,0,0,0,0,0,0,0,0,0,0,0,0,0,1
anger12,0.49,0.1,1.71,0.17,0,0.07,0,0,0,0,0,0,0,0,0,0,0.23,0,0,1,0,0,0,0,0,0,0,0,0,0,0,0,0,0,0,1
anger13,0.24,0.06,1.92,0.08,0,0.18,0,0,0,0,0,0,0,0,0,0,0.12,0,0,1,0,0,0,0,0,0,0,0,0,0,0,0,0,0,0,1
anger14,0,0,2.16,0,0,0.18,0,0,0,0,0,0,0,0,0,0,0,0,0,1,0,0,0,0,0,0,0,0,0,0,0,0,0,0,0,1
anger15,0,0,1.48,0,0,0.49,0,0,0,0,0,0,0,0,0,0,0,0,0,1,0,0,0,0,0,0,0,0,0,0,0,0,0,0,0,1
anger16,0,0,0.75,0,0,0.82,0,0,0,0,0,0,0,0,0,0,0,0,0,1,0,0,1,0,0,0,0,0,0,0,0,0,0,0,0,1
anger17,0,0,0,0,0,1.23,0,0,0,0,0,0,0,0,0,0,0,0,0,1,0,0,1,0,0,0,0,0,0,0,0,0,0,0,0,1
anger18,0,0,0.67,0,0,1.29,0,0,0,0,0,0,0,0,0,0,0,0,0,1,0,0,1,0,0,0,0,0,0,0,0,0,0,0,0,1
anger19,0,0,1.29,0,0,1.13,0,0,0,0,0,0,0,0,0,0,0.03,0,0,1,0,0,1,0,0,0,0,0,0,0,0,0,0,0,0,1
anger20,0,0,1.93,0,0,1.13,0,0,0,0,0,0,0,0,0,0,0.04,0,0,1,0,0,1,0,0,0,0,0,0,0,0,0,0,0,0,1
anger21,0,0,1.53,0,0,0.97,0,0,0,0,0,0,0,0,0,0,0.12,0,0,1,0,0,1,0,0,0,0,0,0,0,0,0,0,0,0,1
anger22,0,0,1.28,0,0,1.07,0,0,0,0,0,0,0,0,0,0,0.27,0,0,1,0,0,1,0,0,0,0,0,0,0,0,0,0,0,0,1
anger23,0,0,0.93,0,0,1.01,0,0,0,0,0,0,0,0,0,0,0.42,0,0,1,0,0,1,0,0,0,0,0,0,0,0,0,0,0,0,1
anger24,0,0,0.75,0,0,1.8,0,0,0,0,0,0,0,0,0,0,0.35,0,0,1,0,0,1,0,0,0,0,0,0,0,0,0,0,0,0,1
anger25,0,0,0.47,0,0,2.43,0,0,0,0,0,0,0,0,0,0,0.18,0,0,1,0,0,1,0,0,0,0,0,0,0,0,0,0,0,0,1
anger26,0,0,0.34,0,0,3.19,0,0,0,0,0,0,0,0,0,0,0.02,0,0,1,0,0,1,0,0,0,0,0,0,0,0,0,0,0,0,1
anger27,0.12,0,0.25,0,0,2.91,0,0,0,0,0,0,0,0,0,0,0.02,0,0,1,0,0,1,0,0,0,0,0,0,0,0,0,0,0,0,1
anger28,0.2,0,0.15,0,0,2.74,0,0,0,0,0,0,0,0,0,0,0.01,0,0,1,0,0,1,0,0,0,0,0,0,0,0,0,0,0,0,1
anger29,0.27,0,0,0,0,2.36,0,0,0,0,0,0,0,0,0,0,0,0,0,1,0,0,1,0,0,0,0,0,0,0,0,0,0,0,0,1
anger30,0.3,0.02,0.46,0.11,0,1.99,0,0,0,0,0,0,0,0,0,0,0,0,0,1,0,0,1,0,0,0,0,0,0,0,0,0,0,0,0,1
anger31,0.42,0.23,0.91,0.29,0,1.6,0,0,0,0,0,0,0,0,0,0,0,0,0,1,0,0,0,0,0,0,0,0,0,0,0,0,0,0,0,1
anger32,0.48,0.23,1.35,0.47,0,1.19,0,0,0,0,0,0,0,0,0,0,0,0,0,1,0,0,0,0,0,0,0,0,0,0,0,0,0,0,0,1
anger33,0.33,0.21,1.13,0.35,0,1.02,0,0,0,0,0,0,0,0,0,0,0,0,0,1,0,0,0,0,0,0,0,0,0,0,0,0,0,0,0,1
anger34,0.12,0,0.92,0.18,0,0.93,0,0,0,0,0,0,0,0,0,0,0,0,0,1,0,0,0,0,0,0,0,0,0,0,0,0,0,0,0,1
anger35,0,0,0.8,0,0,0.82,0,0,0,0,0,0,0,0,0,0,0,0,0,1,0,0,0,0,0,0,0,0,0,0,0,0,0,0,0,1
anger36,0,0,1.28,0,0,0.56,0,0,0,0,0,0,0,0,0,0,0,0,0,1,0,0,0,0,0,0,0,0,0,0,0,0,0,0,0,1
anger37,0,0,1.73,0,0,0.24,0,0,0,0,0,0,0,0,0,0,0,0,0,1,0,0,0,0,0,0,0,0,0,0,0,0,0,0,0,1
anger38,0,0,2.1,0,0,0,0,0,0,0,0,0,0,0,0,0,0,0,0,1,0,0,0,0,0,0,0,0,0,0,0,0,0,0,0,1
anger39,0.25,0,1.98,0,0,0,0,0,0,0,0,0,0,0,0,0,0.09,0,0,1,0,0,0,0,0,0,0,0,0,0,0,0,0,0,0,1
anger40,0.54,0,1.83,0,0,0,0,0,0,0,0,0,0,0,0,0,0.19,0,0,1,0,0,0,0,0,0,0,0,0,0,0,0,0,0,0,1
anger41,0.82,0,1.74,0,0,0,0,0,0,0,0,0,0,0,0,0,0.21,0,0,1,0,0,0,0,0,0,0,0,0,0,0,0,0,0,0,1
anger42,0.57,0,1.77,0,0,0.07,0,0,0,0,0,0,0,0,0,0,0.12,0,0,1,0,0,0,0,0,0,0,0,0,0,0,0,0,0,0,1
anger43,0.28,0,1.87,0,0,0.11,0,0,0,0,0,0,0,0,0,0,0.02,0,0,1,0,0,1,0,0,0,0,0,0,0,0,0,0,0,0,1
anger44,0,0,1.93,0,0,0.14,0,0,0,0,0,0,0,0,0,0,0,0,0,1,0,0,1,0,0,0,0,0,0,0,0,0,0,0,0,1
anger45,0.31,0,1.45,0,0,0.07,0,0,0,0,0,0,0,0,0,0,0,0,0,1,0,0,1,0,0,0,0,0,0,0,0,0,0,0,0,1
anger46,0.57,0,0.99,0,0,0.03,0,0,0,0,0,0,0,0,0,0,0,0,0,1,0,0,1,0,0,0,0,0,0,0,0,0,0,0,0,1
anger47,0.79,0,0.57,0,0,0,0,0,0,0,0,0,0,0,0,0,0.03,0,0,1,0,0,1,0,0,0,0,0,0,0,0,0,0,0,0,1
anger48,0.55,0.07,0.98,0,0,0.06,0,0,0,0,0,0,0,0,0,0,0.1,0,0,1,0,0,1,0,0,0,0,0,0,0,0,0,0,0,0,1
anger49,0.36,0.14,1.28,0,0,0.06,0,0,0,0,0,0,0,0,0,0,0.1,0,0,1,1,0,1,0,0,0,0,0,0,0,0,0,0,0,0,1
anger50,0.27,0.25,1.63,0,0,0.06,0,0,0,0,0,0,0,0,0,0,0.08,0,0,1,1,0,1,0,0,0,0,0,0,0,0,0,0,0,0,1
anger51,0.2,0.2,1.66,0,0,0.15,0,0,0,0,0,0,0,0,0,0,0.13,0,0,1,1,0,1,0,0,0,0,0,0,0,0,0,0,0,0,1
anger52,0.13,0.13,1.71,0,0,0.27,0,0,0,0,0,0,0,0,0,0,0.24,0,0,1,1,0,1,0,0,0,0,0,0,0,0,0,0,0,0,1
anger53,0.01,0.02,1.71,0,0,0.46,0,0,0,0,0,0,0,0,0,0,0.38,0,0,1,1,0,1,0,0,0,0,0,0,0,0,0,0,0,0,1
anger54,0.07,0,1.33,0,0,0.62,0,0,0,0,0,0,0,0,0,0,0.26,0,0,1,0,0,1,0,0,0,0,0,0,0,0,0,0,0,0,1
anger55,0.14,0,0.99,0,0,0.86,0,0,0,0,0,0,0,0,0,0,0.15,0,0,1,0,0,1,0,0,0,0,0,0,0,0,0,0,0,0,1
anger56,0.16,0,0.61,0,0,1.09,0,0,0,0,0,0,0,0,0,0,0,0,0,1,0,0,1,0,0,0,0,0,0,0,0,0,0,0,0,1
anger57,0.1,0,0.68,0,0,0.8,0,0,0,0,0,0,0,0,0,0,0,0,0,1,1,0,0,0,0,0,0,0,0,0,0,0,0,0,0,1
anger58,0.03,0,0.65,0,0,0.56,0,0,0,0,0,0,0,0,0,0,0,0,0,1,1,0,0,0,0,0,0,0,0,0,0,0,0,0,0,1
anger59,0,0,0.57,0,0,0.16,0,0,0,0,0,0,0,0,0,0,0,0,0,1,1,0,1,0,0,0,0,0,0,0,0,0,0,0,0,1
anger60,0,0,0.41,0.01,0,0.67,0,0,0,0,0,0,0,0,0,0,0,0,0,1,1,0,1,0,0,0,0,0,0,0,0,0,0,0,0,1
anger61,0,0,0.39,0.09,0,1.12,0,0,0,0,0,0,0,0,0,0,0,0,0,1,1,0,0,0,0,0,0,0,0,0,0,0,0,0,0,1
anger62,0,0,0.4,0.19,0,1.58,0,0,0,0,0,0,0,0,0,0,0,0,0,1,1,0,0,0,0,0,0,0,0,0,0,0,0,0,0,1
anger63,0,0,0.44,0.18,0,1.35,0,0,0,0,0,0,0,0,0,0,0.03,0,0,1,1,0,0,0,0,0,0,0,0,0,0,0,0,0,0,1
anger64,0,0,0.4,0.1,0,1.07,0,0,0,0,0,0,0,0,0,0,0.13,0,0,1,1,0,1,0,0,0,0,0,0,0,0,0,0,0,1,1
anger65,0,0,0.43,0,0,0.96,0,0,0,0,0,0,0,0,0,0,0.25,0,0,1,1,0,1,0,0,0,0,0,0,0,0,0,0,0,1,1
anger66,0,0,0.72,0,0,0.93,0,0,0,0,0,0,0,0,0,0,0.59,0,0,1,1,0,1,0,0,0,0,0,0,0,0,0,0,0,1,1
anger67,0,0,1.08,0,0,0.9,0,0,0,0,0,0,0,0,0,0,0.9,0,0,1,1,0,0,0,0,0,0,0,0,0,0,0,0,0,1,1
anger68,0,0,1.38,0,0,0.76,0,0,0,0,0,0,0,0,0,0,1.18,0,0,1,0,0,1,0,0,0,0,0,0,0,0,0,0,0,1,1
anger69,0.38,0.3,1.69,0,0,0.73,0,0,0,0,0,0,0,0,0,0,0.94,0,0,1,0,0,1,0,0,0,0,0,0,0,0,0,0,0,1,1
anger70,0.74,0.54,1.95,0,0,0.71,0,0,0,0,0,0,0,0,0,0,0.66,1,0,1,0,0,1,0,0,0,0,0,0,0,0,0,0,0,1,1
anger71,1.1,0.75,2.26,0,0,0.71,0,0,0,0,0,0,0,0,0,0,0.45,1,0,1,0,0,1,0,0,0,0,0,0,0,0,0,0,0,1,1
anger72,0.72,0.45,2.2,0,0,1.01,0,0,0,0,0,0,0,0,0,0,0.33,1,0,1,0,0,1,0,0,0,0,0,0,0,0,0,0,0,1,1
anger73,0.36,0.2,2.14,0,0,1.25,0,0,0,0,0,0,0,0,0,0,0.2,1,0,1,0,0,1,0,0,0,0,0,0,0,0,0,0,0,0,1
anger74,0,0,2.04,0,0,1.52,0,0,0,0,0,0,0,0,0,0,0,1,0,1,0,0,1,0,0,0,0,0,0,0,0,0,0,0,0,1
anger75,0,0,2.19,0,0,0.99,0,0,0,0,0,0,0,0,0,0,0.14,1,0,1,0,0,1,0,0,0,0,0,0,0,0,0,0,0,0,1
anger76,0,0,2.33,0,0,0.5,0,0,0,0,0,0,0,0,0,0,0.26,0,0,1,0,0,1,0,0,0,0,0,0,0,0,0,0,0,0,1
anger77,0,0,2.5,0,0,0,0,0,0,0,0,0,0,0,0,0,0.36,0,0,1,0,0,1,0,0,0,0,0,0,0,0,0,0,0,0,1
anger78,0,0,2.14,0,0,0.52,0,0,0,0,0,0,0,0,0,0,0.22,0,0,1,0,0,1,0,0,0,0,0,0,0,0,0,0,0,0,1
anger79,0,0,1.83,0,0,0.95,0,0,0,0,0,0,0,0,0,0,0.09,0,0,1,0,0,1,0,0,0,0,0,0,0,0,0,0,0,0,1
anger80,0,0,1.48,0,0,1.41,0,0,0,0,0,0,0,0,0,0,0,0,0,1,0,0,1,0,0,0,0,0,0,0,0,0,0,0,0,1
anger81,0,0,1.15,0,0,1,0,0,0,0,0,0,0,0,0,0,0.15,0,0,1,0,0,1,0,0,0,0,0,0,0,0,0,0,0,0,1
anger82,0.02,0,0.81,0,0,0.72,0,0,0,0,0,0,0,0,0,0,0.36,0,0,1,0,0,1,0,0,0,0,0,0,0,0,0,0,0,1,1
anger83,0.02,0,0.47,0,0,0.34,0,0,0,0,0,0,0,0,0,0,0.54,0,0,1,0,0,1,0,0,0,0,0,0,0,0,0,0,0,1,1
anger84,0.21,0.11,0.52,0,0,0.84,0,0,0,0,0,0,0,0,0,0,0.38,0,0,1,0,0,1,0,0,0,0,0,0,0,0,0,0,0,1,1
anger85,0.3,0.14,0.53,0,0,1.39,0,0,0,0,0,0,0,0,0,0,0.18,1,0,1,0,0,1,0,0,0,0,0,0,0,0,0,0,0,1,1
anger86,0.41,0.17,0.63,0,0,1.94,0,0,0,0,0,0,0,0,0,0,0,1,0,1,0,0,1,0,0,0,0,0,0,0,0,0,0,0,1,1
anger87,0.22,0.07,0.96,0,0,1.68,0,0,0,0,0,0,0,0,0,0,0,1,0,1,0,0,1,0,0,0,0,0,0,0,0,0,0,0,1,1
anger88,0.11,0.03,1.31,0,0,1.34,0,0,0,0,0,0,0,0,0,0,0,1,1,1,0,0,1,0,0,0,0,0,0,0,0,0,0,0,0,1
anger89,0,0,1.63,0,0,1.08,0,0,0,0,0,0,0,0,0,0,0,1,1,1,0,0,1,0,0,0,0,0,0,0,0,0,0,0,0,1
anger90,0.08,0,1.09,0,0,0.73,0,0,0,0,0,0,0,0,0,0,0,1,1,1,0,0,1,0,0,0,0,0,0,0,0,0,0,0,0,1
anger91,0.16,0,0.57,0,0,0.37,0,0,0,0,0,0,0,0,0,0,0,1,1,1,0,0,1,0,0,0,0,0,0,0,0,0,0,0,0,1
anger92,0.28,0,0.08,0,0,0,0,0,0,0,0,0,0,0,0,0,0.01,1,1,1,0,0,1,0,0,0,0,0,0,0,0,0,0,0,0,1
anger93,0.2,0,0.1,0,0,0.35,0,0,0,0,0,0,0,0,0,0,0.1,1,1,0,0,0,1,0,0,0,0,0,0,0,0,0,0,0,0,1
anger94,0.12,0,0.09,0,0,0.61,0,0,0,0,0,0,0,0,0,0,0.24,1,1,0,0,0,1,0,0,0,0,0,0,0,0,0,0,0,0,1
anger95,0,0,0.02,0.05,0,0.95,0,0,0,0,0,0,0,0,0,0,0.4,0,1,0,0,0,1,0,0,0,0,0,0,0,0,0,0,0,0,1
anger96,0,0,0.3,0.05,0,1.39,0,0,0,0,0,0,0,0,0,0,0.32,0,1,0,0,0,1,0,0,0,0,0,0,0,0,0,0,0,0,1
anger97,0,0,0.62,0.05,0,1.95,0,0,0,0,0,0,0,0,0,0,0.17,0,1,0,0,0,1,0,0,0,0,0,0,0,0,0,0,0,0,1
anger98,0,0,0.94,0,0,2.35,0,0,0,0,0,0,0,0,0,0,0,0,1,1,0,0,1,0,0,0,0,0,0,0,0,0,0,0,0,1
anger99,0,0,1.05,0,0,2.38,0,0,0,0,0,0,0,0,0,0,0,0,1,1,0,0,1,0,0,0,0,0,0,0,0,0,0,0,0,1
anger100,0.01,0,1.16,0,0,2.34,0,0,0,0,0,0,0,0,0,0,0,0,1,1,0,0,1,0,0,0,0,0,0,0,0,0,0,0,0,1
anger101,0.06,0,1.33,0,0,2.31,0,0,0,0,0,0,0,0,0,0,0,0,1,1,0,0,1,0,0,0,0,0,0,0,0,0,0,0,0,1
anger102,0.15,0.09,1.01,0,0,1.55,0,0,0,0,0,0,0,0,0,0,0.41,0,1,1,0,0,1,0,0,0,0,0,0,0,0,0,0,0,0,1
anger103,0.14,0.09,0.69,0,0,0.87,0,0,0,0,0,0,0,0,0,0,0.82,0,0,1,0,0,1,0,0,0,0,0,0,0,0,0,0,0,0,1
anger104,0.1,0.14,0.31,0,0,0.24,0,0,0,0,0,0,0,0,0,0,1.2,0,0,1,0,0,1,0,0,0,0,0,0,0,0,0,0,0,0,1
anger105,0.01,0.04,0.39,0,0,0.18,0,0,0,0,0,0,0,0,0,0,0.88,0,0,1,0,0,1,0,0,0,0,0,0,0,0,0,0,0,0,1
anger106,0.01,0.04,0.5,0,0,0.08,0,0,0,0,0,0,0,0,0,0,0.58,0,0,1,1,0,0,0,0,0,0,0,0,0,0,0,0,0,0,1
anger107,0,0,0.63,0,0,0,0,0,0,0,0,0,0,0,0,0,0.26,0,0,1,1,0,0,0,0,0,0,0,0,0,0,0,0,0,0,1
anger108,0,0,0.54,0.03,0,0,0,0,0,0,0,0,0,0,0,0,0.17,0,0,1,1,0,0,0,0,0,0,0,0,0,0,0,0,0,0,1
anger109,0.16,0,0.32,0.03,0,0,0,0,0,0,0,0,0,0,0,0,0.06,0,0,1,1,0,0,0,0,0,0,0,0,0,0,0,0,0,0,1
anger110,0.37,0,0.12,0.05,0,0,0,0,0,0,0,0,0,0,0,0,0,0,1,1,1,0,0,0,0,0,0,0,0,0,0,0,0,0,0,1
anger111,0.37,0,0.03,0.03,0,0.01,0,0,0,0,0,0,0,0,0,0,0,0,1,1,1,0,0,0,0,0,0,0,0,0,0,0,0,0,0,1
anger112,0.22,0,0.03,0.03,0,0.16,0,0,0,0,0,0,0,0,0,0,0.01,0,1,0,1,0,0,0,0,0,0,0,0,0,0,0,0,0,0,1
anger113,0,0,0.06,0,0,0.2,0,0,0,0,0,0,0,0,0,0,0.01,0,1,0,1,0,0,0,0,0,0,0,0,0,0,0,0,0,0,1
anger114,0.63,0.24,0.06,0,0,0.19,0,0,0,0,0,0,0,0,0,0,0.01,0,1,0,1,0,0,0,0,0,0,0,0,0,0,0,0,0,0,1
anger115,1.19,0.36,0.06,0,0,0.04,0,0,0,0,0,0,0,0,0,0,0.11,1,1,0,1,0,0,0,0,0,0,0,0,0,0,0,0,0,0,1
anger116,1.78,0.52,0.02,0,0,0,0,0,0,0,0,0,0,0,0,0,0.17,1,1,0,1,0,0,0,0,0,0,0,0,0,0,0,0,0,0,1
anger117,1.4,0.59,0.31,0.19,0,0,0,0,0,0,0,0,0,0,0,0,0.17,1,1,0,1,0,0,0,0,0,0,0,0,0,0,0,0,0,0,1
anger118,1.07,0.8,0.62,0.38,0,0,0,0,0,0,0,0,0,0,0,0,0.06,1,1,1,1,0,0,0,0,0,0,0,0,0,0,0,0,0,0,1
anger119,0.77,0.93,0.85,0.61,0,0,0,0,0,0,0,0,0,0,0,0,0,1,1,1,1,0,0,0,0,0,0,0,0,0,0,0,0,0,0,1
anger120,1.34,1.3,0.85,0.52,0,0,0,0,0,0,0,0,0,0,0,0,0,1,1,1,1,0,0,0,0,0,0,0,0,0,0,0,0,0,0,1
anger121,1.81,1.59,0.7,0.38,0,0,0,0,0,0,0,0,0,0,0,0,0,1,1,1,0,0,0,0,0,0,0,0,0,0,0,0,0,0,0,1
anger122,2.28,1.9,0.72,0.22,0,0,0,0,0,0,0,0,0,0,0,0,0,1,1,1,0,0,0,0,0,0,0,0,0,0,0,0,0,0,0,1
anger123,1.92,1.45,1.59,0.12,0,0.01,0,0,0,0,0,0,0,0,0,0,0,1,1,1,0,0,0,0,0,0,0,0,0,0,0,0,0,0,0,1
anger124,1.69,1.02,2.53,0.07,0,0.01,0,0,0,0,0,0,0,0,0,0,0,1,0,1,0,0,0,0,0,0,0,0,0,0,0,0,0,0,0,1
anger125,1.4,0.68,3.33,0,0,0.01,0,0,0,0,0,0,0,0,0,0,0,1,0,1,0,0,0,0,0,0,0,0,0,0,0,0,0,0,0,1
anger126,0.93,0.46,2.65,0.08,0,0.59,0,0,0,0,0,0,0,0,0,0,0,1,0,1,0,0,0,0,0,0,0,0,0,0,0,0,0,0,0,1
anger127,0.46,0.26,1.99,0.11,0,1.19,0,0,0,0,0,0,0,0,0,0,0,0,0,1,1,0,0,0,0,0,0,0,0,0,0,0,0,0,0,1
anger128,0,0,1.42,0.11,0,1.73,0,0,0,0,0,0,0,0,0,0,0,0,0,1,1,0,0,0,0,0,0,0,0,0,0,0,0,0,0,1
anger129,0,0,0.93,0.03,0,1.14,0,0,0,0,0,0,0,0,0,0,0,0,0,1,1,0,0,0,0,0,0,0,0,0,0,0,0,0,0,1
anger130,0,0,0.49,0.01,0,0.54,0,0,0,0,0,0,0,0,0,0,0,0,0,1,1,0,0,0,0,0,0,0,0,0,0,0,0,0,0,1
anger131,0,0,0,0.01,0,0,0,0,0,0,0,0,0,0,0,0,0,0,0,1,1,0,0,0,0,0,0,0,0,0,0,0,0,0,0,1
anger132,0.25,0,0.65,0.01,0,0,0,0,0,0,0,0,0,0,0,0,0,0,0,1,1,0,0,0,0,0,0,0,0,0,0,0,0,0,0,1
anger133,0.51,0,1.33,0,0,0,0,0,0,0,0,0,0,0,0,0,0,1,0,1,1,0,0,0,0,0,0,0,0,0,0,0,0,0,0,1
anger134,0.76,0,2.06,0,0,0,0,0,0,0,0,0,0,0,0,0,0,1,0,1,1,0,0,0,0,0,0,0,0,0,0,0,0,0,0,1
anger135,0.74,0,2.18,0,0,0,0,0,0,0,0,0,0,0,0,0,0,1,0,1,1,0,0,0,0,0,0,0,0,0,0,0,0,0,0,1
contempt1,0,0,0,0,0,0.02,0,0,0,0,0,0,0,0,0,0,0,1,1,0,1,0,0,0,0,0,0,0,0,0,0,0,0,0,0,0
contempt2,0,0,0,0,0,0.11,0,0,0,0,0,0,0,0,0,0,0,0,1,0,1,0,0,0,0,0,0,0,0,0,0,0,0,0,0,0
contempt3,0.13,0,0.12,0,0,0.26,0,0,0,0,0,0,0,0,0,0,0.13,0,1,0,1,0,0,0,0,0,0,0,0,0,0,0,0,0,0,0
contempt4,0.3,0,0.27,0,0,0.54,0,0,0,0,0,0,0,0,0,0,0.29,0,1,0,1,0,0,0,0,0,0,0,0,0,0,0,0,0,0,0
contempt5,0.41,0,0.38,0,0,0.75,0,0,0,0,0,0,0,0,0,0,0.41,0,1,0,1,0,0,0,0,0,0,0,0,0,0,0,0,0,0,0
contempt6,0.94,0.26,0.26,0,0,0.67,0,0,0,0,0,0,0,0,0,0,0.28,1,1,0,1,0,0,0,0,0,0,0,0,0,0,0,0,0,0,0
contempt7,1.39,0.51,0.11,0,0,0.45,0,0,0,0,0,0,0,0,0,0,0.12,1,1,0,1,0,0,0,0,0,0,0,0,0,0,0,0,0,0,0
contempt8,1.88,0.75,0,0,0,0.27,0,0,0,0,0,0,0,0,0,0,0,1,1,0,1,0,0,0,0,0,0,0,0,0,0,0,0,0,0,0
contempt9,1.22,0.49,0,0,0,0.2,0,0,0,0,0,0,0,0,0,0,0,1,1,0,1,0,0,0,0,0,0,0,0,0,0,0,0,0,0,0
contempt10,0.6,0.24,0,0,0,0.07,0,0,0,0,0,0,0,0,0,0,0,1,1,0,1,0,0,0,0,0,0,0,0,0,0,0,0,0,0,0
contempt11,0,0,0.04,0,0,0,0,0,0,0,0,0,0,0,0,0,0,1,1,0,1,0,0,0,0,0,0,0,0,0,0,0,0,0,0,0
contempt12,0.16,0.21,0.04,0,0,0,0,0,0,0,0,0,0,0,0,0,0.08,1,1,0,1,0,0,0,0,0,0,0,0,0,0,0,0,0,0,0
contempt13,0.26,0.33,0.04,0,0,0,0,0,0,0,0,0,0,0,0,0,0.12,1,0,0,1,0,0,0,0,0,0,0,0,0,0,0,0,0,0,0
contempt14,0.38,0.47,0,0,0,0,0,0,0,0,0,0,0,0,0,0,0.13,1,0,0,1,0,0,0,0,0,0,0,0,0,0,0,0,0,0,0
contempt15,0.22,0.27,0,0,0,0.08,0,0,0,0,0,0,0,0,0,0,0.17,1,0,0,1,0,0,0,0,0,0,0,0,0,0,0,0,0,0,0
contempt16,0.12,0.14,0,0,0,0.14,0,0,0,0,0,0,0,0,0,0,0.29,0,0,0,0,0,0,0,0,0,0,0,0,0,0,0,0,0,1,0
contempt17,0,0,0,0,0,0.21,0,0,0,0,0,0,0,0,0,0,0.4,0,0,0,0,0,0,0,0,0,0,0,0,0,0,0,0,0,1,0
contempt18,0,0,0,0,0,0.13,0,0,0,0,0,0,0,0,0,0,0.32,0,0,0,0,0,0,0,0,0,0,0,0,0,0,0,0,0,1,0
contempt19,0,0,0,0,0,0.08,0,0,0,0,0,0,0,0,0,0,0.19,0,0,0,1,0,0,0,0,0,0,0,0,0,0,0,0,0,1,0
contempt20,0,0,0,0,0,0,0,0,0,0,0,0,0,0,0,0,0.07,0,0,0,1,0,0,0,0,0,0,0,0,0,0,0,0,0,1,0
contempt21,0,0,0.18,0,0,0,0,0,0,0,0,0,0,0,0,0,0.02,0,0,0,1,0,0,0,0,0,0,0,0,0,0,0,0,0,1,0
contempt22,0,0,0.38,0,0,0,0,0,0,0,0,0,0,0,0,0,0,0,0,0,0,0,0,0,0,0,0,0,0,0,0,0,0,0,0,0
contempt23,0,0,0.53,0,0,0,0,0,0,0,0,0,0,0,0,0,0.02,0,0,0,0,0,0,0,0,0,0,0,0,0,0,0,0,0,0,0
contempt24,0,0,0.35,0,0,0,0,0,0,0,0,0,0,0,0,0,0.36,0,0,0,0,0,0,0,0,0,0,0,0,0,0,0,0,0,0,0
contempt25,0,0,0.16,0,0,0,0,0,0,0,0,0,0,0,0,0,0.76,0,0,0,1,0,0,0,0,0,0,0,0,0,0,0,0,0,0,0
contempt26,0,0,0,0,0,0,0,0,0,0,0,0,0,0,0,0,1.2,0,0,0,1,0,0,0,0,0,0,0,0,0,0,0,0,0,0,0
contempt27,0,0,0,0.04,0,0,0,0,0,0,0,0,0,0,0,0,0.86,0,0,0,1,0,0,0,0,0,0,0,0,0,0,0,0,0,0,0
contempt28,0,0,0,0.11,0,0,0,0,0,0,0,0,0,0,0,0,0.46,0,0,0,1,0,0,0,0,0,0,0,0,0,0,0,0,0,0,0
contempt29,0,0,0,0.17,0,0,0,0,0,0,0,0,0,0,0,0,0,0,1,0,1,0,0,0,0,0,0,0,0,0,0,0,0,0,0,0
contempt30,0.12,0.19,0,0.15,0,0,0,0,0,0,0,0,0,0,0,0,0,0,1,0,1,0,0,0,0,0,0,0,0,0,0,0,0,0,0,0
contempt31,0.21,0.37,0,0.07,0,0,0,0,0,0,0,0,0,0,0,0,0,0,1,0,1,0,0,0,0,0,0,0,0,0,0,0,0,0,0,0
contempt32,0.3,0.52,0,0.03,0,0,0,0,0,0,0,0,0,0,0,0,0,0,1,0,1,0,0,0,0,0,0,0,0,0,0,0,0,0,0,0
contempt33,0.87,0.48,0.37,0.21,0,0,0,0,0,0,0,0,0,0,0,0,0,0,1,0,1,0,0,0,0,0,0,0,0,0,0,0,0,0,0,0
contempt34,1.51,0.46,0.73,0.25,0,0,0,0,0,0,0,0,0,0,0,0,0,0,1,1,1,0,0,0,0,0,0,0,0,0,0,0,0,0,0,0
contempt35,2.11,0.4,1.09,0.22,0,0,0,0,0,0,0,0,0,0,0,0,0.09,0,1,1,1,0,0,0,0,0,0,0,0,0,0,0,0,0,0,0
contempt36,1.67,0.25,0.71,0.03,0,0,0,0,0,0,0,0,0,0,0,0,0.09,0,1,1,0,0,0,0,0,0,0,0,0,0,0,0,0,0,0,0
contempt37,1.12,0.1,0.35,0,0,0.01,0,0,0,0,0,0,0,0,0,0,0.09,0,1,1,0,0,0,0,0,0,0,0,0,0,0,0,0,0,0,0
contempt38,0.59,0.01,0,0,0,0.01,0,0,0,0,0,0,0,0,0,0,0,0,1,1,0,0,0,0,0,0,0,0,0,0,0,0,0,0,0,0
contempt39,0.34,0.01,0,0,0,0.01,0,0,0,0,0,0,0,0,0,0,0,0,0,0,0,0,0,0,0,0,0,0,0,0,0,0,0,0,0,0
contempt40,0.17,0.01,0,0,0,0,0,0,0,0,0,0,0,0,0,0,0,0,0,0,0,0,0,0,0,0,0,0,0,0,0,0,0,0,1,0
contempt41,0.02,0,0,0,0,0,0,0,0,0,0,0,0,0,0,0,0,0,1,0,0,0,0,0,0,0,0,0,0,0,0,0,0,0,1,0
contempt42,0.08,0,0,0,0,0,0,0,0,0,0,0,0,0,0,0,0,0,1,0,0,0,0,0,0,0,0,0,0,0,0,0,0,0,1,0
contempt43,0.08,0,0,0,0,0,0,0,0,0,0,0,0,0,0,0,0,0,0,0,0,0,0,0,0,0,0,0,0,0,0,0,0,0,0,0
contempt44,0.08,0,0,0,0,0,0,0,0,0,0,0,0,0,0,0,0,0,0,0,0,0,0,0,0,0,0,0,0,0,0,0,0,0,0,0
contempt45,0.02,0,0,0,0,0,0,0,0,0,0,0,0,0,0,0,0.09,0,0,0,0,0,0,0,0,0,0,0,0,0,0,0,0,0,0,0
contempt46,0,0,0,0,0,0,0,0,0,0,0,0,0,0,0,0,0.23,0,0,1,1,0,0,0,0,0,0,0,0,0,0,0,0,0,1,0
contempt47,0,0,0,0,0,0,0,0,0,0,0,0,0,0,0,0,0.39,0,0,1,1,0,0,0,0,0,0,0,0,0,0,0,0,0,1,0
contempt48,0,0,0.09,0,0,0,0,0,0,0,0,0,0,0,0,0,0.3,0,0,1,1,0,0,0,0,0,0,0,0,0,0,0,0,0,1,0
contempt49,0,0,0.16,0,0,0,0,0,0,0,0,0,0,0,0,0,0.18,0,0,1,0,0,0,0,0,0,0,0,0,0,0,0,0,0,1,0
contempt50,0,0,0.26,0,0,0,0,0,0,0,0,0,0,0,0,0,0.02,0,0,1,0,0,0,0,0,0,0,0,0,0,0,0,0,0,1,0
contempt51,0.55,0,0.27,0.11,0,0,0,0,0,0,0,0,0,0,0,0,0.02,0,0,1,0,0,0,0,0,0,0,0,0,0,0,0,0,0,1,0
contempt52,1.14,0,0.29,0.17,0,0,0,0,0,0,0,0,0,0,0,0,0.04,1,0,1,0,0,0,0,0,0,0,0,0,0,0,0,0,0,1,0
contempt53,1.69,0,0.29,0.26,0,0,0,0,0,0,0,0,0,0,0,0,0.04,1,0,1,0,0,0,0,0,0,0,0,0,0,0,0,0,0,1,0
contempt54,1.66,0,0.27,0.25,0,0,0,0,0,0,0,0,0,0,0,0,0,1,0,1,0,0,0,0,0,0,0,0,0,0,0,0,0,0,1,0
disgust1,0.37,0.94,0.95,0,0,1.92,0,0,0,0,0,0,0,0,0,0,0,1,1,1,0,0,1,0,0,0,0,0,0,0,0,0,0,0,0,0
disgust2,0.35,0.95,1.16,0,0,2.08,0,0,0,0,0,0,0,0,0,0,0,1,1,1,0,0,1,0,0,0,0,0,0,0,0,0,0,0,0,0
disgust3,0.28,0.64,1.49,0,0,2.34,0,0,0,0,0,0,0,0,0,0,0.13,1,1,1,0,0,1,0,0,0,0,0,0,0,0,0,0,0,0,0
disgust4,0.22,0.39,1.66,0,0,2.54,0,0,0,0,0,0,0,0,0,0,0.23,0,0,1,0,0,1,0,0,0,0,0,0,0,0,0,0,0,0,0
disgust5,0.18,0,1.8,0,0,2.7,0,0,0,0,0,0,0,0,0,0,0.31,0,0,1,0,0,1,0,0,0,0,0,0,0,0,0,0,0,0,0
disgust6,0.35,0.03,1.64,0,0,2.45,0,0,0,0,0,0,0,0,0,0,0.41,0,0,1,0,0,1,0,0,0,0,0,0,0,0,0,0,0,0,0
disgust7,0.59,0.18,1.58,0.05,0,2.21,0,0,0,0,0,0,0,0,0,0,0.59,0,0,1,0,0,1,0,0,0,0,0,0,0,0,0,0,0,1,0
disgust8,0.78,0.26,1.57,0.16,0,2.15,0,0,0,0,0,0,0,0,0,0,0.84,0,0,1,0,0,1,0,0,0,0,0,0,0,0,0,0,0,1,0
disgust9,0.56,0.23,1.32,0.16,0,2.47,0,0,0,0,0,0,0,0,0,0,0.69,0,0,1,0,0,1,0,0,0,0,0,0,0,0,0,0,0,1,0
disgust10,0.27,0.08,1.05,0.11,0,2.95,0,0,0,0,0,0,0,0,0,0,0.55,0,0,1,0,0,1,0,0,0,0,0,0,0,0,0,0,0,1,0
disgust11,0,0,0.8,0,0,3.26,0,0,0,0,0,0,0,0,0,0,0.38,0,0,1,0,0,1,0,0,0,0,0,0,0,0,0,0,0,1,0
disgust12,0,0,0.57,0.17,0,3.14,0,0,0,0,0,0,0,0,0,0,0.55,0,0,1,0,0,1,0,0,0,0,0,0,0,0,0,0,0,1,0
disgust13,0,0,0.29,0.34,0,2.82,0,0,0,0,0,0,0,0,0,0,0.65,0,0,1,0,0,1,0,0,0,0,0,0,0,0,0,0,0,1,0
disgust14,0,0,0,0.43,0,2.58,0,0,0,0,0,0,0,0,0,0,0.8,0,0,1,0,0,1,0,0,0,0,0,0,0,0,0,0,0,1,0
disgust15,0,0,0.21,0.26,0,2.99,0,0,0,0,0,0,0,0,0,0,0.54,0,0,1,0,0,1,0,0,0,0,0,0,0,0,0,0,0,1,0
disgust16,0,0,0.39,0.08,0,3.49,0,0,0,0,0,0,0,0,0,0,0.3,0,0,1,0,0,1,0,0,0,0,0,0,0,0,0,0,0,0,0
disgust17,0,0,0.56,0,0,3.92,0,0,0,0,0,0,0,0,0,0,0,0,0,1,0,0,1,0,0,0,0,0,0,0,0,0,0,0,0,0
disgust18,0,0,0.66,0,0,3.16,0,0,0,0,0,0,0,0,0,0,0,0,0,1,0,0,1,0,0,0,0,0,0,0,0,0,0,0,0,0
disgust19,0,0,0.81,0,0,2.44,0,0,0,0,0,0,0,0,0,0,0,0,0,1,0,0,1,0,0,0,0,0,0,0,0,0,0,0,0,0
disgust20,0,0,0.97,0,0,1.61,0,0,0,0,0,0,0,0,0,0,0,0,0,1,0,0,1,0,0,0,0,0,0,0,0,0,0,0,0,0
disgust21,0.17,0.05,0.65,0,0,1.88,0,0,0,0,0,0,0,0,0,0,0,0,0,1,0,0,1,0,0,0,0,0,0,0,0,0,0,0,0,0
disgust22,0.34,0.05,0.33,0,0,2.23,0,0,0,0,0,0,0,0,0,0,0,1,1,1,0,0,1,0,0,0,0,0,0,0,0,0,0,0,0,0
disgust23,0.51,0.09,0,0,0,2.51,0,0,0,0,0,0,0,0,0,0,0,1,1,1,0,0,1,0,0,0,0,0,0,0,0,0,0,0,0,0
disgust24,0.63,0.47,0.34,0.14,0,2.42,0,0,0,0,0,0,0,0,0,0,0,1,1,1,0,0,1,0,0,0,0,0,0,0,0,0,0,0,0,0
disgust25,0.66,0.84,0.76,0.14,0,2.12,0,0,0,0,0,0,0,0,0,0,0,1,1,1,0,0,1,0,0,0,0,0,0,0,0,0,0,0,0,0
disgust26,0.76,1.25,1.27,0.14,0,2.03,0,0,0,0,0,0,0,0,0,0,0,1,1,1,0,0,1,0,0,0,0,0,0,0,0,0,0,0,0,0
disgust27,0.61,0.82,1.24,0.17,0,1.98,0,0,0,0,0,0,0,0,0,0,0.34,1,1,1,0,0,1,0,0,0,0,0,0,0,0,0,0,0,0,0
disgust28,0.51,0.45,1.16,0.32,0,1.8,0,0,0,0,0,0,0,0,0,0,0.66,1,0,1,0,0,1,0,0,0,0,0,0,0,0,0,0,0,0,0
disgust29,0.32,0,0.94,0.36,0,1.68,0,0,0,0,0,0,0,0,0,0,0.87,1,0,1,0,0,1,0,0,0,0,0,0,0,0,0,0,0,0,0
disgust30,0.18,0,1.15,0.19,0,1.41,0,0,0,0,0,0,0,0,0,0,0.53,0,0,1,0,0,1,0,0,0,0,0,0,0,0,0,0,0,0,0
disgust31,0.08,0,1.23,0.04,0,1.74,0,0,0,0,0,0,0,0,0,0,0.21,0,0,1,0,0,1,0,0,0,0,0,0,0,0,0,0,0,0,0
disgust32,0,0,1.35,0,0,2,0,0,0,0,0,0,0,0,0,0,0,0,0,1,0,0,1,0,0,0,0,0,0,0,0,0,0,0,0,0
disgust33,0,0,0.86,0,0,1.69,0,0,0,0,0,0,0,0,0,0,0.03,0,0,1,0,0,1,0,0,0,0,0,0,0,0,0,0,0,0,0
disgust34,0,0,0.65,0,0,1.09,0,0,0,0,0,0,0,0,0,0,0.05,0,0,1,0,0,1,0,0,0,0,0,0,0,0,0,0,0,0,0
disgust35,0.05,0,0.49,0,0,0.5,0,0,0,0,0,0,0,0,0,0,0.09,0,0,1,0,0,1,0,0,0,0,0,0,0,0,0,0,0,0,0
disgust36,0.26,0.05,0.7,0.31,0,1.03,0,0,0,0,0,0,0,0,0,0,0.05,0,0,1,0,0,1,0,0,0,0,0,0,0,0,0,0,0,0,0
disgust37,0.43,0.05,0.83,0.67,0,1.51,0,0,0,0,0,0,0,0,0,0,0.04,0,0,1,0,0,1,0,0,0,0,0,0,0,0,0,0,0,0,0
disgust38,0.53,0.05,0.91,1.01,0,1.94,0,0,0,0,0,0,0,0,0,0,0,0,0,1,0,0,1,0,0,0,0,0,0,0,0,0,0,0,0,0
disgust39,0.31,0,0.69,0.7,0,1.68,0,0,0,0,0,0,0,0,0,0,0,0,0,1,0,0,1,0,0,0,0,0,0,0,0,0,0,0,0,0
disgust40,0.15,0,0.39,0.34,0,1.44,0,0,0,0,0,0,0,0,0,0,0,0,0,1,0,0,1,0,0,0,0,0,0,0,0,0,0,0,0,0
disgust41,0,0,0.13,0,0,1.14,0,0,0,0,0,0,0,0,0,0,0,0,0,1,0,0,1,0,0,0,0,0,0,0,0,0,0,0,0,0
disgust42,0,0,0.86,0,0,1.65,0,0,0,0,0,0,0,0,0,0,0,0,0,1,0,0,1,0,0,0,0,0,0,0,0,0,0,0,0,0
disgust43,0,0,1.56,0,0,1.95,0,0,0,0,0,0,0,0,0,0,0,0,0,1,0,0,1,0,0,0,0,0,0,0,0,0,0,0,1,0
disgust44,0,0,2.24,0,0,2.43,0,0,0,0,0,0,0,0,0,0,0,0,0,1,0,0,1,0,0,0,0,0,0,0,0,0,0,0,1,0
disgust45,0,0,2.01,0.32,0,2.36,0,0,0,0,0,0,0,0,0,0,0.17,0,0,1,0,0,1,0,0,0,0,0,0,0,0,0,0,0,1,0
disgust46,0,0,1.86,0.47,0,2.48,0,0,0,0,0,0,0,0,0,0,0.39,0,0,1,0,0,1,0,0,0,0,0,0,0,0,0,0,0,1,0
disgust47,0,0,1.62,0.71,0,2.4,0,0,0,0,0,0,0,0,0,0,0.55,0,0,1,0,0,1,0,0,0,0,0,0,0,0,0,0,0,1,0
disgust48,0.13,0,1.08,0.4,0,2.3,0,0,0,0,0,0,0,0,0,0,0.53,0,0,1,0,0,1,0,0,0,0,0,0,0,0,0,0,0,1,0
disgust49,0.26,0,0.51,0.25,0,2.05,0,0,0,0,0,0,0,0,0,0,0.45,0,0,1,0,0,1,0,0,0,0,0,0,0,0,0,0,0,0,0
disgust50,0.33,0,0,0,0,1.84,0,0,0,0,0,0,0,0,0,0,0.37,0,0,1,0,0,1,0,0,0,0,0,0,0,0,0,0,0,0,0
disgust51,0.21,0,0,0,0,1.59,0,0,0,0,0,0,0,0,0,0,0.22,0,0,1,0,0,1,0,0,0,0,0,0,0,0,0,0,0,0,0
disgust52,0.07,0,0,0,0,1.33,0,0,0,0,0,0,0,0,0,0,0.07,0,0,1,0,0,1,0,0,0,0,0,0,0,0,0,0,0,0,0
disgust53,0,0,0,0,0,1.03,0,0,0,0,0,0,0,0,0,0,0,0,0,1,0,0,1,0,0,0,0,0,0,0,0,0,0,0,0,0
disgust54,0,0.04,0.18,0,0,0.6,0,0,0,0,0,0,0,0,0,0,0.12,0,0,1,0,0,1,0,0,0,0,0,0,0,0,0,0,0,0,0
disgust55,0,0.04,0.37,0,0,0.27,0,0,0,0,0,0,0,0,0,0,0.25,0,0,1,0,0,1,0,0,0,0,0,0,0,0,0,0,0,0,0
disgust56,0,0.04,0.6,0,0,0,0,0,0,0,0,0,0,0,0,0,0.31,0,0,1,0,0,1,0,0,0,0,0,0,0,0,0,0,0,0,0
disgust57,0.01,0,0.94,0,0,0.59,0,0,0,0,0,0,0,0,0,0,0.24,0,0,1,0,0,1,0,0,0,0,0,0,0,0,0,0,0,0,0
disgust58,0.03,0,1.32,0,0,1.09,0,0,0,0,0,0,0,0,0,0,0.24,0,0,1,0,0,1,0,0,0,0,0,0,0,0,0,0,0,0,0
disgust59,0.06,0,1.68,0,0,1.64,0,0,0,0,0,0,0,0,0,0,0.3,0,0,1,0,0,1,0,0,0,0,0,0,0,0,0,0,0,0,0
disgust60,0.06,0,1.41,0,0,2.06,0,0,0,0,0,0,0,0,0,0,0.29,0,0,1,0,0,1,0,0,0,0,0,0,0,0,0,0,0,0,0
disgust61,0.03,0,1.06,0,0,2.68,0,0,0,0,0,0,0,0,0,0,0.17,0,0,1,0,0,1,0,0,0,0,0,0,0,0,0,0,0,0,0
disgust62,0,0,0.71,0,0,3.17,0,0,0,0,0,0,0,0,0,0,0.04,0,1,1,0,0,1,0,0,0,0,0,0,0,0,0,0,0,0,0
disgust63,0.51,0.14,0.79,0,0,2.8,0,0,0,0,0,0,0,0,0,0,0,1,1,1,0,0,1,0,0,0,0,0,0,0,0,0,0,0,0,0
disgust64,1.01,0.33,0.96,0,0,2.3,0,0,0,0,0,0,0,0,0,0,0,1,1,1,0,0,1,0,0,0,0,0,0,0,0,0,0,0,0,0
disgust65,1.52,0.51,1.15,0,0,1.89,0,0,0,0,0,0,0,0,0,0,0,1,1,1,0,0,1,0,0,0,0,0,0,0,0,0,0,0,0,0
disgust66,1.48,0.7,0.83,0,0,1.3,0,0,0,0,0,0,0,0,0,0,0,1,1,1,0,0,1,0,0,0,0,0,0,0,0,0,0,0,0,0
disgust67,1.46,0.79,0.43,0,0,0.84,0,0,0,0,0,0,0,0,0,0,0,1,1,1,0,0,1,0,0,0,0,0,0,0,0,0,0,0,0,0
disgust68,1.42,0.91,0,0,0,0.56,0,0,0,0,0,0,0,0,0,0,0,1,1,1,0,0,1,0,0,0,0,0,0,0,0,0,0,0,0,0
disgust69,0.95,0.57,0.29,0,0,1.04,0,0,0,0,0,0,0,0,0,0,0.08,1,1,1,0,0,1,0,0,0,0,0,0,0,0,0,0,0,0,0
disgust70,0.47,0.29,0.58,0,0,1.6,0,0,0,0,0,0,0,0,0,0,0.09,1,1,1,0,0,1,0,0,0,0,0,0,0,0,0,0,0,0,0
disgust71,0,0,0.84,0,0,1.87,0,0,0,0,0,0,0,0,0,0,0.09,1,1,1,0,0,1,0,0,0,0,0,0,0,0,0,0,0,0,0
disgust72,0.07,0.05,1.12,0,0,1.96,0,0,0,0,0,0,0,0,0,0,0.01,0,0,1,0,0,1,0,0,0,0,0,0,0,0,0,0,0,0,0
disgust73,0.12,0.13,1.45,0,0,1.92,0,0,0,0,0,0,0,0,0,0,0,0,0,1,0,0,1,0,0,0,0,0,0,0,0,0,0,0,0,0
disgust74,0.12,0.19,1.75,0.03,0,1.96,0,0,0,0,0,0,0,0,0,0,0,0,0,1,0,0,1,0,0,0,0,0,0,0,0,0,0,0,0,0
disgust75,0.06,0.14,1.38,0.03,0,2.13,0,0,0,0,0,0,0,0,0,0,0,0,0,1,0,0,1,0,0,0,0,0,0,0,0,0,0,0,0,0
disgust76,0,0.06,0.95,0.02,0,2.2,0,0,0,0,0,0,0,0,0,0,0,0,0,1,0,0,1,0,0,0,0,0,0,0,0,0,0,0,0,0
disgust77,0,0,0.58,0,0,2.3,0,0,0,0,0,0,0,0,0,0,0,0,0,1,0,0,1,0,0,0,0,0,0,0,0,0,0,0,0,0
disgust78,0,0,0.84,0,0,1.68,0,0,0,0,0,0,0,0,0,0,0,0,0,1,0,0,1,0,0,0,0,0,0,0,0,0,0,0,0,0
disgust79,0,0,1.15,0,0,1.21,0,0,0,0,0,0,0,0,0,0,0,0,0,1,0,0,1,0,0,0,0,0,0,0,0,0,0,0,0,0
disgust80,0,0,1.45,0,0,0.8,0,0,0,0,0,0,0,0,0,0,0,0,0,1,0,0,1,0,0,0,0,0,0,0,0,0,0,0,0,0
disgust81,1.04,0.38,2.01,0,0,1.33,0,0,0,0,0,0,0,0,0,0,0.03,0,0,1,0,0,1,0,0,0,0,0,0,0,0,0,0,0,0,0
disgust82,2.06,0.73,2.61,0,0,1.78,0,0,0,0,0,0,0,0,0,0,0.03,1,1,1,0,0,1,0,0,0,0,0,0,0,0,0,0,0,0,0
disgust83,3.13,1.09,3.19,0.01,0,2.22,0,0,0,0,0,0,0,0,0,0,0.03,1,1,1,0,0,1,0,0,0,0,0,0,0,0,0,0,0,0,0
disgust84,2.18,0.86,2.17,0.01,0,1.75,0,0,0,0,0,0,0,0,0,0,0,1,1,1,0,0,1,0,0,0,0,0,0,0,0,0,0,0,0,0
disgust85,1.2,0.66,1.08,0.06,0,1.51,0,0,0,0,0,0,0,0,0,0,0.03,1,1,1,0,0,1,0,0,0,0,0,0,0,0,0,0,0,0,0
disgust86,0.16,0.41,0,0.07,0,1.15,0,0,0,0,0,0,0,0,0,0,0.03,1,1,1,0,0,1,0,0,0,0,0,0,0,0,0,0,0,0,0
disgust87,0.35,0.27,0.52,0.07,0,1.71,0,0,0,0,0,0,0,0,0,0,0.03,1,1,1,0,0,1,0,0,0,0,0,0,0,0,0,0,0,0,0
disgust88,0.66,0.12,1.07,0.02,0,2.02,0,0,0,0,0,0,0,0,0,0,0,1,1,1,0,0,1,0,0,0,0,0,0,0,0,0,0,0,0,0
disgust89,0.97,0,1.62,0,0,2.41,0,0,0,0,0,0,0,0,0,0,0,1,1,1,0,0,1,0,0,0,0,0,0,0,0,0,0,0,1,0
disgust90,0.72,0.06,1.35,0.44,0,1.61,0,0,0,0,0,0,0,0,0,0,0.21,1,1,1,0,0,1,0,0,0,0,0,0,0,0,0,0,0,1,0
disgust91,0.43,0.08,1.07,0.84,0,0.82,0,0,0,0,0,0,0,0,0,0,0.35,0,1,1,0,0,1,0,0,0,0,0,0,0,0,0,0,0,1,0
disgust92,0.11,0.08,0.78,1.21,0,0,0,0,0,0,0,0,0,0,0,0,0.42,0,1,1,0,0,1,0,0,0,0,0,0,0,0,0,0,0,1,0
disgust93,0.07,0.02,0.53,0.77,0,1.2,0,0,0,0,0,0,0,0,0,0,0.22,0,1,1,0,0,1,0,0,0,0,0,0,0,0,0,0,0,0,0
disgust94,0.02,0,0.26,0.37,0,2.45,0,0,0,0,0,0,0,0,0,0,0.08,0,0,1,0,0,1,0,0,0,0,0,0,0,0,0,0,0,0,0
disgust95,0,0,0,0,0,3.5,0,0,0,0,0,0,0,0,0,0,0,0,0,1,0,0,1,0,0,0,0,0,0,0,0,0,0,0,0,0
disgust96,0,0,0.23,0,0,3.8,0,0,0,0,0,0,0,0,0,0,0,0,0,1,0,0,1,0,0,0,0,0,0,0,0,0,0,0,0,0
disgust97,0,0,0.44,0,0,3.98,0,0,0,0,0,0,0,0,0,0,0,0,0,1,0,0,1,0,0,0,0,0,0,0,0,0,0,0,0,0
disgust98,0,0,0.66,0,0,4.29,0,0,0,0,0,0,0,0,0,0,0,0,0,1,0,0,1,0,0,0,0,0,0,0,0,0,0,0,0,0
disgust99,0,0,0.43,0,0,3.35,0,0,0,0,0,0,0,0,0,0,0,0,0,1,0,0,1,0,0,0,0,0,0,0,0,0,0,0,0,0
disgust100,0,0,0.22,0,0,2.41,0,0,0,0,0,0,0,0,0,0,0,0,0,1,0,0,1,0,0,0,0,0,0,0,0,0,0,0,0,0
disgust101,0,0,0,0,0,1.69,0,0,0,0,0,0,0,0,0,0,0,0,0,1,0,0,1,0,0,0,0,0,0,0,0,0,0,0,0,0
disgust102,0,0,0,0,0,2.27,0,0,0,0,0,0,0,0,0,0,0,0,0,1,0,0,1,0,0,0,0,0,0,0,0,0,0,0,0,0
disgust103,0,0,0,0.13,0,2.92,0,0,0,0,0,0,0,0,0,0,0.03,0,0,1,0,0,1,0,0,0,0,0,0,0,0,0,0,0,0,0
disgust104,0,0,0,0.17,0,3.46,0,0,0,0,0,0,0,0,0,0,0.03,0,0,1,0,0,1,0,0,0,0,0,0,0,0,0,0,0,0,0
disgust105,0,0,0.39,0.16,0,2.71,0,0,0,0,0,0,0,0,0,0,0.03,0,0,1,0,0,1,0,0,0,0,0,0,0,0,0,0,0,0,0
disgust106,0,0,0.82,0.04,0,1.99,0,0,0,0,0,0,0,0,0,0,0,0,0,1,0,0,1,0,0,0,0,0,0,0,0,0,0,0,0,0
disgust107,0,0,1.23,0,0,1.34,0,0,0,0,0,0,0,0,0,0,0,0,0,1,0,0,1,0,0,0,0,0,0,0,0,0,0,0,0,0
disgust108,0.19,0,1.1,0,0,1.76,0,0,0,0,0,0,0,0,0,0,0,0,0,1,0,0,1,0,0,0,0,0,0,0,0,0,0,0,0,0
disgust109,0.41,0,0.82,0,0,2.14,0,0,0,0,0,0,0,0,0,0,0,0,0,1,0,0,1,0,0,0,0,0,0,0,0,0,0,0,0,0
disgust110,0.66,0,0.57,0,0,2.35,0,0,0,0,0,0,0,0,0,0,0,0,0,1,0,0,1,0,0,0,0,0,0,0,0,0,0,0,0,0
disgust111,0.61,0.06,0.87,0,0,2.06,0,0,0,0,0,0,0,0,0,0,0.06,0,0,1,0,0,1,0,0,0,0,0,0,0,0,0,0,0,0,0
disgust112,0.52,0.06,1.27,0,0,1.8,0,0,0,0,0,0,0,0,0,0,0.09,1,0,1,0,0,1,0,0,0,0,0,0,0,0,0,0,0,0,0
disgust113,0.42,0.06,1.7,0,0,1.7,0,0,0,0,0,0,0,0,0,0,0.14,1,0,1,0,0,1,0,0,0,0,0,0,0,0,0,0,0,0,0
disgust114,0.45,0,1.87,0,0,2.31,0,0,0,0,0,0,0,0,0,0,0.27,1,0,1,0,0,1,0,0,0,0,0,0,0,0,0,0,0,0,0
disgust115,0.51,0,2.07,0,0,2.97,0,0,0,0,0,0,0,0,0,0,0.24,1,0,1,0,0,1,0,0,0,0,0,0,0,0,0,0,0,0,0
disgust116,0.49,0,2.15,0,0,3.63,0,0,0,0,0,0,0,0,0,0,0.19,1,0,1,0,0,1,0,0,0,0,0,0,0,0,0,0,0,0,0
disgust117,0.32,0,1.61,0,0,3.03,0,0,0,0,0,0,0,0,0,0,0.04,1,0,1,0,0,1,0,0,0,0,0,0,0,0,0,0,0,0,0
disgust118,0.12,0,1,0,0,2.57,0,0,0,0,0,0,0,0,0,0,0.04,1,0,1,0,0,1,0,0,0,0,0,0,0,0,0,0,0,0,0
disgust119,0,0,0.44,0,0,1.9,0,0,0,0,0,0,0,0,0,0,0.04,1,0,1,0,0,1,0,0,0,0,0,0,0,0,0,0,0,0,0
disgust120,0,0,0.75,0.12,0,2.04,0,0,0,0,0,0,0,0,0,0,0,1,0,1,0,0,1,0,0,0,0,0,0,0,0,0,0,0,0,0
disgust121,0,0,1.16,0.13,0,2.13,0,0,0,0,0,0,0,0,0,0,0,0,0,1,0,0,1,0,0,0,0,0,0,0,0,0,0,0,0,0
disgust122,0,0,1.62,0.16,0,2.28,0,0,0,0,0,0,0,0,0,0,0,0,0,1,0,0,1,0,0,0,0,0,0,0,0,0,0,0,0,0
disgust123,0.26,0.02,1.75,0.04,0,2.49,0,0,0,0,0,0,0,0,0,0,0,0,0,1,0,0,1,0,0,0,0,0,0,0,0,0,0,0,0,0
disgust124,0.52,0.03,1.87,0.02,0,2.55,0,0,0,0,0,0,0,0,0,0,0,0,0,1,0,0,1,0,0,0,0,0,0,0,0,0,0,0,0,0
disgust125,0.83,0.09,2.03,0,0,2.69,0,0,0,0,0,0,0,0,0,0,0,0,0,1,0,0,1,0,0,0,0,0,0,0,0,0,0,0,0,0
disgust126,0.56,0.07,1.94,0,0,2.62,0,0,0,0,0,0,0,0,0,0,0,0,0,1,0,0,1,0,0,0,0,0,0,0,0,0,0,0,0,0
disgust127,0.31,0.05,1.86,0,0,2.67,0,0,0,0,0,0,0,0,0,0,0,0,0,1,0,0,1,0,0,0,0,0,0,0,0,0,0,0,0,0
disgust128,0,0,1.74,0,0,2.66,0,0,0,0,0,0,0,0,0,0,0,0,0,1,0,0,1,0,0,0,0,0,0,0,0,0,0,0,0,0
disgust129,0,0,1.2,0,0,2.26,0,0,0,0,0,0,0,0,0,0,0.36,0,0,1,0,0,1,0,0,0,0,0,0,0,0,0,0,0,0,0
disgust130,0,0,0.61,0,0,1.72,0,0,0,0,0,0,0,0,0,0,0.64,1,1,1,0,0,1,0,0,0,0,0,0,0,0,0,0,0,0,0
disgust131,0,0,0,0,0,1.24,0,0,0,0,0,0,0,0,0,0,0.99,1,1,1,0,0,1,0,0,0,0,0,0,0,0,0,0,0,0,0
disgust132,0,0,0.29,0,0,1.26,0,0,0,0,0,0,0,0,0,0,0.64,1,1,1,0,0,1,0,0,0,0,0,0,0,0,0,0,0,0,0
disgust133,0,0,0.65,0,0,1.48,0,0,0,0,0,0,0,0,0,0,0.35,1,1,1,0,0,1,0,0,0,0,0,0,0,0,0,0,0,0,0
disgust134,0,0,1,0,0,1.73,0,0,0,0,0,0,0,0,0,0,0,1,1,1,0,0,1,0,0,0,0,0,0,0,0,0,0,0,0,0
disgust135,0,0,1.32,0,0,2.2,0,0,0,0,0,0,0,0,0,0,0.44,1,1,1,0,0,1,0,0,0,0,0,0,0,0,0,0,0,0,0
disgust136,0,0,1.63,0,0,2.67,0,0,0,0,0,0,0,0,0,0,0.83,0,1,1,0,0,1,0,0,0,0,0,0,0,0,0,0,0,0,0
disgust137,0,0,1.96,0,0,3.05,0,0,0,0,0,0,0,0,0,0,1.07,0,1,1,0,0,1,0,0,0,0,0,0,0,0,0,0,0,0,0
disgust138,0,0,1.72,0,0,2.59,0,0,0,0,0,0,0,0,0,0,0.76,0,1,1,0,0,1,0,0,0,0,0,0,0,0,0,0,0,0,0
disgust139,0,0,1.47,0,0,2.1,0,0,0,0,0,0,0,0,0,0,0.49,0,0,1,0,0,1,0,0,0,0,0,0,0,0,0,0,0,0,0
disgust140,0,0,1.23,0,0,1.58,0,0,0,0,0,0,0,0,0,0,0.35,0,0,1,0,0,1,0,0,0,0,0,0,0,0,0,0,0,0,0
disgust141,0.11,0,1.36,0.18,0,1.96,0,0,0,0,0,0,0,0,0,0,0.22,0,0,1,0,0,1,0,0,0,0,0,0,0,0,0,0,0,0,0
disgust142,0.26,0,1.44,0.25,0,2.28,0,0,0,0,0,0,0,0,0,0,0.1,0,0,1,0,0,1,0,0,0,0,0,0,0,0,0,0,0,0,0
disgust143,0.39,0,1.48,0.28,0,2.61,0,0,0,0,0,0,0,0,0,0,0,0,0,1,0,0,1,0,0,0,0,0,0,0,0,0,0,0,0,0
disgust144,0.32,0,1.33,0.1,0,2.44,0,0,0,0,0,0,0,0,0,0,0,0,0,1,0,0,1,0,0,0,0,0,0,0,0,0,0,0,0,0
disgust145,0.19,0,1.13,0.03,0,2.23,0,0,0,0,0,0,0,0,0,0,0,0,0,1,0,0,1,0,0,0,0,0,0,0,0,0,0,0,0,0
disgust146,0.06,0,0.98,0,0,2.11,0,0,0,0,0,0,0,0,0,0,0,0,0,1,0,0,1,0,0,0,0,0,0,0,0,0,0,0,0,0
disgust147,0.21,0,0.91,0,0,1.96,0,0,0,0,0,0,0,0,0,0,0,0,0,1,0,0,1,0,0,0,0,0,0,0,0,0,0,0,0,0
disgust148,0.32,0,0.88,0,0,1.84,0,0,0,0,0,0,0,0,0,0,0,0,0,1,0,0,1,0,0,0,0,0,0,0,0,0,0,0,0,0
disgust149,0.41,0,0.79,0,0,1.57,0,0,0,0,0,0,0,0,0,0,0,0,0,1,0,0,1,0,0,0,0,0,0,0,0,0,0,0,0,0
disgust150,0.24,0,1.1,0,0,1.83,0,0,0,0,0,0,0,0,0,0,0,0,0,1,0,0,1,0,0,0,0,0,0,0,0,0,0,0,0,0
disgust151,0.1,0,1.5,0,0,2.03,0,0,0,0,0,0,0,0,0,0,0,0,1,1,0,0,1,0,0,0,0,0,0,0,0,0,0,0,0,0
disgust152,0,0,1.95,0,0,2.44,0,0,0,0,0,0,0,0,0,0,0,0,1,1,0,0,1,0,0,0,0,0,0,0,0,0,0,0,0,0
disgust153,0.05,0.02,1.36,0,0,2.01,0,0,0,0,0,0,0,0,0,0,0,0,1,1,0,0,1,0,0,0,0,0,0,0,0,0,0,0,0,0
disgust154,0.14,0.16,0.81,0,0,1.61,0,0,0,0,0,0,0,0,0,0,0,0,1,1,0,0,1,0,0,0,0,0,0,0,0,0,0,0,0,0
disgust155,0.27,0.3,0.31,0,0,1.12,0,0,0,0,0,0,0,0,0,0,0,0,1,1,0,0,1,0,0,0,0,0,0,0,0,0,0,0,0,0
disgust156,0.22,0.32,0.48,0,0,1.15,0,0,0,0,0,0,0,0,0,0,0.25,0,1,1,0,0,1,0,0,0,0,0,0,0,0,0,0,0,0,0
disgust157,0.14,0.25,0.76,0,0,1.51,0,0,0,0,0,0,0,0,0,0,0.4,0,1,1,0,0,1,0,0,0,0,0,0,0,0,0,0,0,0,0
disgust158,0.05,0.32,1.23,0,0,2.03,0,0,0,0,0,0,0,0,0,0,0.46,1,1,1,0,0,1,0,0,0,0,0,0,0,0,0,0,0,0,0
disgust159,0.43,0.92,1.53,0,0,2.33,0,0,0,0,0,0,0,0,0,0,0.22,1,1,1,0,0,1,0,0,0,0,0,0,0,0,0,0,0,0,0
disgust160,0.94,1.52,1.71,0.08,0,2.29,0,0,0,0,0,0,0,0,0,0,0.07,1,1,1,0,0,1,0,0,0,0,0,0,0,0,0,0,0,0,0
disgust161,1.39,1.98,1.66,0.19,0,1.86,0,0,0,0,0,0,0,0,0,0,0.07,1,1,1,0,0,1,0,0,0,0,0,0,0,0,0,0,0,0,0
disgust162,1.03,1.35,1.29,0.19,0,1.38,0,0,0,0,0,0,0,0,0,0,0.11,1,1,1,0,0,1,0,0,0,0,0,0,0,0,0,0,0,0,0
disgust163,0.53,0.68,0.78,0.11,0,0.94,0,0,0,0,0,0,0,0,0,0,0.19,0,1,1,0,0,1,0,0,0,0,0,0,0,0,0,0,0,0,0
disgust164,0.04,0.01,0.28,0,0,0.7,0,0,0,0,0,0,0,0,0,0,0.13,0,0,1,0,0,1,0,0,0,0,0,0,0,0,0,0,0,0,0
disgust165,0.03,0,0.29,0,0,0.52,0,0,0,0,0,0,0,0,0,0,0.22,0,0,1,0,0,1,0,0,0,0,0,0,0,0,0,0,0,0,0
disgust166,0.01,0,0.41,0,0,0.35,0,0,0,0,0,0,0,0,0,0,0.26,0,0,1,0,0,1,0,0,0,0,0,0,0,0,0,0,0,0,0
disgust167,0,0,0.48,0,0,0.22,0,0,0,0,0,0,0,0,0,0,0.36,0,0,1,0,0,1,0,0,0,0,0,0,0,0,0,0,0,0,0
disgust168,0,0,0.69,0,0,0.85,0,0,0,0,0,0,0,0,0,0,0.23,0,0,1,0,0,1,0,0,0,0,0,0,0,0,0,0,0,0,0
disgust169,0,0,0.89,0,0,1.33,0,0,0,0,0,0,0,0,0,0,0.11,0,0,1,0,0,1,0,0,0,0,0,0,0,0,0,0,0,0,0
disgust170,0,0,1.07,0,0,1.78,0,0,0,0,0,0,0,0,0,0,0,0,0,1,0,0,1,0,0,0,0,0,0,0,0,0,0,0,0,0
disgust171,0,0,1.24,0,0,1.77,0,0,0,0,0,0,0,0,0,0,0.02,0,0,1,0,0,1,0,0,0,0,0,0,0,0,0,0,0,0,0
disgust172,0,0,1.46,0,0,1.85,0,0,0,0,0,0,0,0,0,0,0.03,0,0,1,0,0,1,0,0,0,0,0,0,0,0,0,0,0,0,0
disgust173,0,0,1.63,0,0,1.81,0,0,0,0,0,0,0,0,0,0,0.04,0,0,1,0,0,1,0,0,0,0,0,0,0,0,0,0,0,0,0
disgust174,0,0,1.47,0,0,1.67,0,0,0,0,0,0,0,0,0,0,0.11,0,0,1,0,0,1,0,0,0,0,0,0,0,0,0,0,0,0,0
disgust175,0,0,1.22,0,0,1.57,0,0,0,0,0,0,0,0,0,0,0.14,0,1,1,0,0,1,0,0,0,0,0,0,0,0,0,0,0,0,0
disgust176,0,0,1.12,0,0,1.69,0,0,0,0,0,0,0,0,0,0,0.17,0,0,1,0,0,1,0,0,0,0,0,0,0,0,0,0,0,0,0
disgust177,0,0,1.26,0,0,2.08,0,0,0,0,0,0,0,0,0,0,0.14,0,1,1,0,0,1,0,0,0,0,0,0,0,0,0,0,0,0,0
fear1,0,0,0.41,0,0,0,0,0,0,0,0,0,0,0,0,0,0,0,0,0,1,0,1,0,0,0,0,0,0,0,0,0,0,0,1,0
fear2,0,0,0.32,0,0,0,0,0,0,0,0,0,0,0,0,0,0,0,0,0,1,0,1,0,0,0,0,0,0,0,0,0,0,0,0,0
fear3,0,0,0.48,0,0,0.6,0,0,0,0,0,0,0,0,0,0,0.24,0,0,0,1,0,1,0,0,0,0,0,0,0,0,0,0,0,1,0
fear4,0,0,0.78,0,0,1.37,0,0,0,0,0,0,0,0,0,0,0.51,0,0,1,0,0,1,0,0,0,0,0,0,0,0,0,0,0,1,0
fear5,0,0,1.03,0,0,2.03,0,0,0,0,0,0,0,0,0,0,0.73,0,0,1,0,0,1,0,0,0,0,0,0,0,0,0,0,0,1,0
fear6,0.04,0,0.74,0,0,1.63,0,0,0,0,0,0,0,0,0,0,0.49,0,0,1,0,0,1,0,0,0,0,0,0,0,0,0,0,0,1,0
fear7,0.08,0,0.45,0,0,1.33,0,0,0,0,0,0,0,0,0,0,0.22,0,0,1,0,0,1,0,0,0,0,0,0,0,0,0,0,0,1,0
fear8,0.13,0,0.23,0,0,1.18,0,0,0,0,0,0,0,0,0,0,0,0,0,1,0,0,1,0,0,0,0,0,0,0,0,0,0,0,0,0
fear9,0.24,0,0.23,0,0,0.99,0,0,0,0,0,0,0,0,0,0,0.24,0,0,1,0,0,1,0,0,0,0,0,0,0,0,0,0,0,0,0
fear10,0.46,0,0.13,0,0,0.51,0,0,0,0,0,0,0,0,0,0,0.38,0,0,0,0,0,0,0,0,0,0,0,0,0,0,0,0,0,0,0
fear11,0.59,0,0,0,0,0,0,0,0,0,0,0,0,0,0,0,0.51,0,0,0,0,0,0,0,0,0,0,0,0,0,0,0,0,0,0,0
fear12,0.43,0,0.11,0,0,0,0,0,0,0,0,0,0,0,0,0,0.29,0,0,0,0,0,0,0,0,0,0,0,0,0,0,0,0,0,1,0
fear13,0.18,0,0.19,0,0,0,0,0,0,0,0,0,0,0,0,0,0.18,0,0,0,1,0,0,0,0,0,0,0,0,0,0,0,0,0,1,0
fear14,0,0,0.3,0,0,0.03,0,0,0,0,0,0,0,0,0,0,0.08,0,0,0,1,0,0,0,0,0,0,0,0,0,0,0,0,0,1,0
fear15,0,0,0.39,0,0,0.03,0,0,0,0,0,0,0,0,0,0,0.33,0,0,0,1,0,0,0,0,0,0,0,0,0,0,0,0,0,1,0
fear16,0,0,0.58,0,0,0.03,0,0,0,0,0,0,0,0,0,0,0.4,0,0,0,0,0,1,0,0,0,0,0,0,0,0,0,0,0,1,0
fear17,0,0,0.57,0,0,0,0,0,0,0,0,0,0,0,0,0,0.41,0,0,1,0,0,1,0,0,0,0,0,0,0,0,0,0,0,0,0
fear18,0,0,0.76,0,0,0.39,0,0,0,0,0,0,0,0,0,0,0.14,0,0,1,0,0,1,0,0,0,0,0,0,0,0,0,0,0,0,0
fear19,0,0,0.89,0,0,0.8,0,0,0,0,0,0,0,0,0,0,0.02,0,0,1,0,0,1,0,0,0,0,0,0,0,0,0,0,0,0,0
fear20,0,0,1.35,0,0,1.34,0,0,0,0,0,0,0,0,0,0,0,0,0,1,0,0,1,0,0,0,0,0,0,0,0,0,0,0,0,0
fear21,0,0,0.96,0,0,0.95,0,0,0,0,0,0,0,0,0,0,0,0,0,0,0,0,1,0,0,0,0,0,0,0,0,0,0,0,0,0
fear22,0,0.22,0.55,0,0,0.54,0,0,0,0,0,0,0,0,0,0,0.01,0,1,0,0,0,0,0,0,0,0,0,0,0,0,0,0,0,0,0
fear23,0,0.44,0,0,0,0,0,0,0,0,0,0,0,0,0,0,0.12,0,1,0,1,0,0,0,0,0,0,0,0,0,0,0,0,0,0,0
fear24,0.3,0.78,0,0.68,0,0,0,0,0,0,0,0,0,0,0,0,0.2,0,1,0,1,0,0,0,0,0,0,0,0,0,0,0,0,0,0,0
fear25,0.47,0.67,0,1.3,0,0,0,0,0,0,0,0,0,0,0,0,0.23,0,1,0,1,0,0,0,0,0,0,0,0,0,0,0,0,0,0,0
fear26,0.58,0.64,0,1.84,0,0,0,0,0,0,0,0,0,0,0,0,0.12,0,1,0,1,0,0,0,0,0,0,0,0,0,0,0,0,0,0,0
fear27,0.28,0.3,0.45,1.16,0,0.57,0,0,0,0,0,0,0,0,0,0,0.44,0,1,0,1,0,0,0,0,0,0,0,0,0,0,0,0,0,0,0
fear28,0.11,0.18,0.89,0.55,0,1.18,0,0,0,0,0,0,0,0,0,0,0.78,0,1,0,1,0,0,0,0,0,0,0,0,0,0,0,0,0,0,0
fear29,0,0,1.26,0,0,1.8,0,0,0,0,0,0,0,0,0,0,1.17,0,1,0,1,0,0,0,0,0,0,0,0,0,0,0,0,0,0,0
fear30,0.33,0.4,0.81,0.1,0,1.24,0,0,0,0,0,0,0,0,0,0,0.76,0,1,0,1,0,0,0,0,0,0,0,0,0,0,0,0,0,0,0
fear31,0.73,0.88,0.37,0.24,0,0.62,0,0,0,0,0,0,0,0,0,0,0.39,0,0,1,0,0,1,0,0,0,0,0,0,0,0,0,0,0,0,0
fear32,1.09,1.27,0,0.4,0,0,0,0,0,0,0,0,0,0,0,0,0,0,0,0,1,0,1,0,0,0,0,0,0,0,0,0,0,0,0,0
fear33,0.77,0.87,0,0.3,0,0.57,0,0,0,0,0,0,0,0,0,0,0,0,0,0,1,0,1,0,0,0,0,0,0,0,0,0,0,0,0,0
fear34,0.36,0.39,0,0.16,0,1.13,0,0,0,0,0,0,0,0,0,0,0,0,1,0,1,0,0,0,0,0,0,0,0,0,0,0,0,0,0,0
fear35,0,0,0,0,0,1.56,0,0,0,0,0,0,0,0,0,0,0,0,1,0,1,0,0,0,0,0,0,0,0,0,0,0,0,0,0,0
fear36,0.46,0.4,0,0.9,0,0.99,0,0,0,0,0,0,0,0,0,0,0,0,1,0,1,0,0,0,0,0,0,0,0,0,0,0,0,0,0,0
fear37,0.84,0.78,0,1.79,0,0.42,0,0,0,0,0,0,0,0,0,0,0,0,0,0,1,0,1,0,0,0,0,0,0,0,0,0,0,0,0,0
fear38,1.25,1.19,0,2.73,0,0,0,0,0,0,0,0,0,0,0,0,0,0,0,0,1,0,0,0,0,0,0,0,0,0,0,0,0,0,0,0
fear39,0.79,0.79,0.08,1.83,0,0.49,0,0,0,0,0,0,0,0,0,0,0.13,0,0,0,1,0,0,0,0,0,0,0,0,0,0,0,0,0,0,0
fear40,0.4,0.4,0.19,0.94,0,0.79,0,0,0,0,0,0,0,0,0,0,0.2,0,0,0,0,0,0,0,0,0,0,0,0,0,0,0,0,0,1,0
fear41,0,0,0.24,0,0,1.17,0,0,0,0,0,0,0,0,0,0,0.26,0,0,0,0,0,1,0,0,0,0,0,0,0,0,0,0,0,1,0
fear42,0,0,0.65,0,0,1.17,0,0,0,0,0,0,0,0,0,0,0.22,0,0,0,0,0,1,0,0,0,0,0,0,0,0,0,0,0,1,0
fear43,0,0,1.06,0,0,1.41,0,0,0,0,0,0,0,0,0,0,0.23,0,0,0,0,0,1,0,0,0,0,0,0,0,0,0,0,0,1,0
fear44,0,0,1.57,0,0,1.55,0,0,0,0,0,0,0,0,0,0,0.22,0,0,0,0,0,1,0,0,0,0,0,0,0,0,0,0,0,1,0
fear45,0,0,1.08,0,0,1.12,0,0,0,0,0,0,0,0,0,0,0.14,0,0,0,0,0,1,0,0,0,0,0,0,0,0,0,0,0,1,0
fear46,0,0,0.56,0,0,0.7,0,0,0,0,0,0,0,0,0,0,0.06,1,0,0,0,0,1,0,0,0,0,0,0,0,0,0,0,0,1,0
fear47,0,0,0,0,0,0.33,0,0,0,0,0,0,0,0,0,0,0,1,0,0,1,0,1,0,0,0,0,0,0,0,0,0,0,0,1,0
fear48,0.51,0,0.11,0,0,0.44,0,0,0,0,0,0,0,0,0,0,0,1,0,0,1,0,1,0,0,0,0,0,0,0,0,0,0,0,1,0
fear49,1.09,0,0.27,0,0,0.42,0,0,0,0,0,0,0,0,0,0,0,1,0,0,1,0,1,0,0,0,0,0,0,0,0,0,0,0,0,0
fear50,1.64,0,0.5,0,0,0.4,0,0,0,0,0,0,0,0,0,0,0,1,1,0,1,0,1,0,0,0,0,0,0,0,0,0,0,0,0,0
fear51,1.55,0.07,0.64,0,0,0.55,0,0,0,0,0,0,0,0,0,0,0.05,1,1,1,1,0,1,0,0,0,0,0,0,0,0,0,0,0,0,0
fear52,1.47,0.07,0.67,0,0,0.82,0,0,0,0,0,0,0,0,0,0,0.05,1,1,1,1,0,1,0,0,0,0,0,0,0,0,0,0,0,0,0
fear53,1.39,0.07,0.57,0,0,1.07,0,0,0,0,0,0,0,0,0,0,0.05,1,1,1,1,0,1,0,0,0,0,0,0,0,0,0,0,0,0,0
fear54,0.98,0,0.67,0,0,1.53,0,0,0,0,0,0,0,0,0,0,0.06,1,0,1,1,0,1,0,0,0,0,0,0,0,0,0,0,0,0,0
fear55,0.47,0,0.83,0,0,1.82,0,0,0,0,0,0,0,0,0,0,0.14,0,0,1,1,0,1,0,0,0,0,0,0,0,0,0,0,0,0,0
fear56,0,0,1.07,0,0,2.1,0,0,0,0,0,0,0,0,0,0,0.34,0,0,1,1,0,1,0,0,0,0,0,0,0,0,0,0,0,0,0
fear57,0,0,0.97,0,0,1.45,0,0,0,0,0,0,0,0,0,0,0.28,0,0,1,1,0,1,0,0,0,0,0,0,0,0,0,0,0,0,0
fear58,0,0,0.85,0,0,0.91,0,0,0,0,0,0,0,0,0,0,0.2,0,0,1,1,0,0,0,0,0,0,0,0,0,0,0,0,0,0,0
fear59,0,0,0.62,0,0,0.37,0,0,0,0,0,0,0,0,0,0,0,1,0,0,1,0,0,0,0,0,0,0,0,0,0,0,0,0,0,0
fear60,0.43,0,0.36,0.12,0,0.3,0,0,0,0,0,0,0,0,0,0,0,1,0,0,1,0,0,0,0,0,0,0,0,0,0,0,0,0,0,0
fear61,0.88,0,0.14,0.28,0,0.22,0,0,0,0,0,0,0,0,0,0,0,1,0,0,1,0,0,0,0,0,0,0,0,0,0,0,0,0,0,0
fear62,1.3,0,0,0.38,0,0.13,0,0,0,0,0,0,0,0,0,0,0,1,0,0,1,0,0,0,0,0,0,0,0,0,0,0,0,0,0,0
fear63,1.9,0.23,0.39,0.26,0,0.19,0,0,0,0,0,0,0,0,0,0,0,1,0,1,1,0,0,0,0,0,0,0,0,0,0,0,0,0,0,0
fear64,2.51,0.45,0.82,0.1,0,0.29,0,0,0,0,0,0,0,0,0,0,0,1,1,1,1,0,0,0,0,0,0,0,0,0,0,0,0,0,0,0
fear65,3.26,0.63,1.26,0,0,0.57,0,0,0,0,0,0,0,0,0,0,0,1,1,1,1,0,0,0,0,0,0,0,0,0,0,0,0,0,0,0
fear66,2.85,0.87,1.15,0,0,0.59,0,0,0,0,0,0,0,0,0,0,0,1,1,1,1,0,0,0,0,0,0,0,0,0,0,0,0,0,0,0
fear67,2.38,1.07,1.04,0,0,0.65,0,0,0,0,0,0,0,0,0,0,0,1,1,1,1,0,0,0,0,0,0,0,0,0,0,0,0,0,0,0
fear68,1.77,1.22,0.95,0,0,0.74,0,0,0,0,0,0,0,0,0,0,0,1,1,1,1,0,0,0,0,0,0,0,0,0,0,0,0,0,0,0
fear69,1.14,0.74,0.66,0,0,0.59,0,0,0,0,0,0,0,0,0,0,0,1,0,0,1,0,0,0,0,0,0,0,0,0,0,0,0,0,0,0
fear70,0.55,0.33,0.38,0.06,0,0.38,0,0,0,0,0,0,0,0,0,0,0,1,0,0,1,0,1,0,0,0,0,0,0,0,0,0,0,0,0,0
fear71,0.06,0,0.04,0.1,0,0,0,0,0,0,0,0,0,0,0,0,0,1,0,0,1,0,1,0,0,0,0,0,0,0,0,0,0,0,0,0
fear72,0.17,0,0.65,0.1,0,0.19,0,0,0,0,0,0,0,0,0,0,0,1,0,1,1,0,1,0,0,0,0,0,0,0,0,0,0,0,0,0
fear73,0.19,0,1.21,0.03,0,0.42,0,0,0,0,0,0,0,0,0,0,0,1,0,1,1,0,1,0,0,0,0,0,0,0,0,0,0,0,0,0
fear74,0.13,0,1.82,0,0,0.75,0,0,0,0,0,0,0,0,0,0,0,1,0,1,0,0,1,0,0,0,0,0,0,0,0,0,0,0,0,0
fear75,0,0,1.84,0,0,0.99,0,0,0,0,0,0,0,0,0,0,0,1,0,1,0,0,1,0,0,0,0,0,0,0,0,0,0,0,0,0
surprise1,0,0,0,0,0,0,0,0,0,0,0,0,0,0,0,0,0,0,0,0,1,0,0,0,0,0,0,0,0,0,0,0,0,0,0,0
surprise2,0,0,0,0,0,0,0,0,0,0,0,0,0,0,0,0,0.14,0,0,0,1,0,0,0,0,0,0,0,0,0,0,0,0,0,1,0
surprise3,0,0,0,0,0,0,0,0,0,0,0,0,0,0,0,0,0.14,0,0,0,1,0,0,0,0,0,0,0,0,0,0,0,0,0,1,0
surprise4,0.13,0,0,0,0,0,0,0,0,0,0,0,0,0,0,0,0.08,0,0,0,1,0,0,0,0,0,0,0,0,0,0,0,0,0,1,0
surprise5,0.24,0,0,0,0,0,0,0,0,0,0,0,0,0,0,0,0.04,0,0,0,1,0,0,0,0,0,0,0,0,0,0,0,0,0,1,0
surprise6,0.24,0,0.22,0,0,0,0,0,0,0,0,0,0,0,0,0,0.13,0,0,0,1,0,0,0,0,0,0,0,0,0,0,0,0,0,1,0
surprise7,0.1,0,0.6,0,0,0,0,0,0,0,0,0,0,0,0,0,0.14,0,0,0,1,0,0,0,0,0,0,0,0,0,0,0,0,0,1,0
surprise8,0.06,0,0.6,0.02,0,0,0,0,0,0,0,0,0,0,0,0,0.14,0,0,0,1,0,0,0,0,0,0,0,0,0,0,0,0,0,1,0
surprise9,0.07,0,0.38,0.02,0,0,0,0,0,0,0,0,0,0,0,0,0.05,0,0,0,1,0,0,0,0,0,0,0,0,0,0,0,0,0,1,0
surprise10,0.07,0,0,0.02,0,0,0,0,0,0,0,0,0,0,0,0,0,0,0,0,1,0,0,0,0,0,0,0,0,0,0,0,0,0,1,0
surprise11,0.01,0,0,0,0,0,0,0,0,0,0,0,0,0,0,0,0,0,1,0,1,0,0,0,0,0,0,0,0,0,0,0,0,0,0,0
surprise12,0,0.08,0,0,0,0.18,0,0,0,0,0,0,0,0,0,0,0.27,0,1,0,1,0,0,0,0,0,0,0,0,0,0,0,0,0,0,0
surprise13,0.05,0.2,0,0,0,0.33,0,0,0,0,0,0,0,0,0,0,0.5,0,1,0,1,0,0,0,0,0,0,0,0,0,0,0,0,0,0,0
surprise14,0.08,0.27,0,0,0,0.45,0,0,0,0,0,0,0,0,0,0,0.76,0,0,0,1,0,0,0,0,0,0,0,0,0,0,0,0,0,0,0
surprise15,0.15,0.21,0,0.1,0,0.34,0,0,0,0,0,0,0,0,0,0,0.49,0,0,0,1,0,0,0,0,0,0,0,0,0,0,0,0,0,0,0
surprise16,0.2,0.13,0,0.1,0,0.26,0,0,0,0,0,0,0,0,0,0,0.27,1,1,0,1,0,0,0,0,0,0,0,0,0,0,0,0,0,0,0
surprise17,0.23,0.06,0,0.31,0,0.41,0,0,0,0,0,0,0,0,0,0,0,1,1,0,1,0,1,0,0,0,0,0,0,0,0,0,0,0,0,0
surprise18,0.68,0.22,0,0.21,0,0.6,0,0,0,0,0,0,0,0,0,0,0.19,1,1,0,1,0,1,0,0,0,0,0,0,0,0,0,0,0,0,0
surprise19,1.34,0.52,0,0.21,0,0.84,0,0,0,0,0,0,0,0,0,0,0.4,0,0,0,1,0,1,0,0,0,0,0,0,0,0,0,0,0,0,0
surprise20,2.05,0.92,0,0,0,0.88,0,0,0,0,0,0,0,0,0,0,0.63,0,0,0,1,0,0,0,0,0,0,0,0,0,0,0,0,0,0,0
surprise21,1.65,0.76,0.25,0,0,0.62,0,0,0,0,0,0,0,0,0,0,0.53,0,0,0,1,0,0,0,0,0,0,0,0,0,0,0,0,0,0,0
surprise22,1.11,0.54,0.53,0,0,0.31,0,0,0,0,0,0,0,0,0,0,0.47,0,0,0,1,0,0,0,0,0,0,0,0,0,0,0,0,0,0,0
surprise23,0.34,0.14,0.53,0,0,0.11,0,0,0,0,0,0,0,0,0,0,0.62,0,0,0,1,0,0,0,0,0,0,0,0,0,0,0,0,0,0,0
surprise24,0.22,0.12,0.28,0,0,0.22,0,0,0,0,0,0,0,0,0,0,0.88,0,0,0,1,0,0,0,0,0,0,0,0,0,0,0,0,0,1,0
surprise25,0,0,0,0,0,0.25,0,0,0,0,0,0,0,0,0,0,1.01,0,0,0,1,0,0,0,0,0,0,0,0,0,0,0,0,0,1,0
surprise26,0,0,0,0,0,0.2,0,0,0,0,0,0,0,0,0,0,0.64,0,0,0,1,0,0,0,0,0,0,0,0,0,0,0,0,0,1,0
surprise27,0,0,0,0,0,0.11,0,0,0,0,0,0,0,0,0,0,0.28,0,0,0,1,0,0,0,0,0,0,0,0,0,0,0,0,0,1,0
surprise28,0,0,0,0,0,0.08,0,0,0,0,0,0,0,0,0,0,0,0,0,0,1,0,0,0,0,0,0,0,0,0,0,0,0,0,0,0
surprise29,0.35,0,0,0,0,0.03,0,0,0,0,0,0,0,0,0,0,0,0,0,0,1,0,0,0,0,0,0,0,0,0,0,0,0,0,0,0
surprise30,0.84,0,0,0,0,0,0,0,0,0,0,0,0,0,0,0,0,0,0,0,1,0,0,0,0,0,0,0,0,0,0,0,0,0,0,0
surprise31,0.84,0,0.07,0,0,0,0,0,0,0,0,0,0,0,0,0,0,0,0,0,1,0,0,0,0,0,0,0,0,0,0,0,0,0,0,0
surprise32,0.49,0,0.07,0,0,0,0,0,0,0,0,0,0,0,0,0,0,1,0,0,1,0,0,0,0,0,0,0,0,0,0,0,0,0,0,0
surprise33,0.61,0.22,0.07,0.35,0,0,0,0,0,0,0,0,0,0,0,0,0,1,0,0,1,0,0,0,0,0,0,0,0,0,0,0,0,0,0,0
surprise34,1.21,0.37,0,0.58,0,0,0,0,0,0,0,0,0,0,0,0,0,1,1,0,1,0,0,0,0,0,0,0,0,0,0,0,0,0,0,0
surprise35,1.86,0.59,0,0.87,0,0,0,0,0,0,0,0,0,0,0,0,0,1,1,0,1,0,0,0,0,0,0,0,0,0,0,0,0,0,0,0
surprise36,1.43,0.76,0.12,0.52,0,0.1,0,0,0,0,0,0,0,0,0,0,0,1,1,0,1,0,0,0,0,0,0,0,0,0,0,0,0,0,0,0
surprise37,0.98,0.88,0.31,0.29,0,0.22,0,0,0,0,0,0,0,0,0,0,0,1,1,0,1,0,0,0,0,0,0,0,0,0,0,0,0,0,0,0
surprise38,0.57,0.94,0.54,0,0,0.33,0,0,0,0,0,0,0,0,0,0,0,0,1,0,1,0,0,0,0,0,0,0,0,0,0,0,0,0,0,0
surprise39,0.4,0.55,0.46,0,0,0.23,0,0,0,0,0,0,0,0,0,0,0,0,1,0,1,0,0,0,0,0,0,0,0,0,0,0,0,0,0,0
surprise40,0.24,0.28,0.27,0,0,0.11,0,0,0,0,0,0,0,0,0,0,0,0,0,0,1,0,0,0,0,0,0,0,0,0,0,0,0,0,0,0
surprise41,0,0,0.04,0,0,0,0,0,0,0,0,0,0,0,0,0,0,0,0,0,1,0,0,0,0,0,0,0,0,0,0,0,0,0,0,0
surprise42,0,0,0,0.1,0,0,0,0,0,0,0,0,0,0,0,0,0,0,0,0,1,0,0,0,0,0,0,0,0,0,0,0,0,0,0,0
surprise43,0,0,0,0.1,0,0,0,0,0,0,0,0,0,0,0,0,0,0,0,0,1,0,0,0,0,0,0,0,0,0,0,0,0,0,0,0
surprise44,0,0,0,0.18,0,0,0,0,0,0,0,0,0,0,0,0,0,0,0,0,1,0,0,0,0,0,0,0,0,0,0,0,0,0,0,0
surprise45,0.67,0.57,0,0.08,0,0.13,0,0,0,0,0,0,0,0,0,0,0,0,0,0,1,0,0,0,0,0,0,0,0,0,0,0,0,0,0,0
surprise46,1.31,1.08,0,0.08,0,0.16,0,0,0,0,0,0,0,0,0,0,0,0,1,0,1,0,0,0,0,0,0,0,0,0,0,0,0,0,0,0
surprise47,1.31,1.08,0,0,0,0.16,0,0,0,0,0,0,0,0,0,0,0,0,1,0,1,0,0,0,0,0,0,0,0,0,0,0,0,0,0,0
surprise48,0.64,0.52,0,0,0,0.03,0,0,0,0,0,0,0,0,0,0,0,0,1,0,1,0,0,0,0,0,0,0,0,0,0,0,0,0,0,0
surprise49,0,0.01,0,0,0,0,0,0,0,0,0,0,0,0,0,0,0,0,1,0,1,0,0,0,0,0,0,0,0,0,0,0,0,0,0,0
surprise50,0,0.01,0.02,0,0,0,0,0,0,0,0,0,0,0,0,0,0,0,1,0,1,0,0,0,0,0,0,0,0,0,0,0,0,0,0,0
surprise51,0,0,0.02,0,0,0,0,0,0,0,0,0,0,0,0,0,0,0,1,0,1,0,0,0,0,0,0,0,0,0,0,0,0,0,0,0
surprise52,0,0,0.02,0,0,0,0,0,0,0,0,0,0,0,0,0,0,0,1,0,1,0,0,0,0,0,0,0,0,0,0,0,0,0,0,0
surprise53,0.17,0.09,0.13,0.09,0,0.34,0,0,0,0,0,0,0,0,0,0,0,0,1,0,1,0,0,0,0,0,0,0,0,0,0,0,0,0,0,0
surprise54,0.25,0.13,0.27,0.21,0,0.72,0,0,0,0,0,0,0,0,0,0,0,0,1,0,1,0,0,0,0,0,0,0,0,0,0,0,0,0,0,0
surprise55,0.68,0.46,0.27,0.21,0,0.72,0,0,0,0,0,0,0,0,0,0,0,0,1,0,1,0,0,0,0,0,0,0,0,0,0,0,0,0,0,0
surprise56,0.79,0.5,0.14,0.12,0,0.38,0,0,0,0,0,0,0,0,0,0,0,0,1,0,1,0,0,0,0,0,0,0,0,0,0,0,0,0,0,0
surprise57,0.71,0.47,0,0,0,0,0,0,0,0,0,0,0,0,0,0,0,0,1,0,1,0,0,0,0,0,0,0,0,0,0,0,0,0,0,0
surprise58,0.29,0.13,0,0,0,0,0,0,0,0,0,0,0,0,0,0,0,0,0,0,1,0,0,0,0,0,0,0,0,0,0,0,0,0,0,0
surprise59,0,0,0,0,0,0,0,0,0,0,0,0,0,0,0,0,0,0,0,0,1,0,0,0,0,0,0,0,0,0,0,0,0,0,0,0
surprise60,0,0,0,0,0,0,0,0,0,0,0,0,0,0,0,0,0,0,0,0,1,0,0,0,0,0,0,0,0,0,0,0,0,0,0,0
surprise61,0,0,0,0.04,0,0,0,0,0,0,0,0,0,0,0,0,0.08,0,0,0,1,0,0,0,0,0,0,0,0,0,0,0,0,0,0,0
surprise62,0,0,0,0.21,0,0.2,0,0,0,0,0,0,0,0,0,0,0.23,0,0,0,1,0,0,0,0,0,0,0,0,0,0,0,0,0,0,0
surprise63,0,0,0,0.36,0,0.37,0,0,0,0,0,0,0,0,0,0,0.39,0,0,0,1,0,0,0,0,0,0,0,0,0,0,0,0,0,0,0
surprise64,0,0,0,0.32,0,0.37,0,0,0,0,0,0,0,0,0,0,0.36,0,0,0,1,0,0,0,0,0,0,0,0,0,0,0,0,0,0,0
surprise65,0,0,0,0.15,0,0.17,0,0,0,0,0,0,0,0,0,0,0.22,0,0,0,1,0,0,0,0,0,0,0,0,0,0,0,0,0,0,0
surprise66,0,0,0,0,0,0,0,0,0,0,0,0,0,0,0,0,0.06,0,0,0,1,0,0,0,0,0,0,0,0,0,0,0,0,0,0,0
surprise67,0,0,0,0.4,0,0.07,0,0,0,0,0,0,0,0,0,0,0.27,0,0,0,1,0,0,0,0,0,0,0,0,0,0,0,0,0,0,0
surprise68,0,0,0,0.95,0,0.07,0,0,0,0,0,0,0,0,0,0,0.44,0,0,0,1,0,0,0,0,0,0,0,0,0,0,0,0,0,0,0
surprise69,0,0,0,1.51,0,0.07,0,0,0,0,0,0,0,0,0,0,0.54,0,0,0,1,0,0,0,0,0,0,0,0,0,0,0,0,0,0,0
surprise70,0.14,0,0,1.11,0,0,0,0,0,0,0,0,0,0,0,0,0.42,0,0,0,1,0,0,0,0,0,0,0,0,0,0,0,0,0,0,0
surprise71,0.3,0,0,0.57,0,0,0,0,0,0,0,0,0,0,0,0,0.37,0,0,0,1,0,0,0,0,0,0,0,0,0,0,0,0,0,0,0
surprise72,0.48,0,0,0,0,0.04,0,0,0,0,0,0,0,0,0,0,0.36,0,0,0,1,0,0,0,0,0,0,0,0,0,0,0,0,0,0,0
surprise73,0.34,0,0,0,0,0.04,0,0,0,0,0,0,0,0,0,0,0.2,0,0,0,1,0,0,0,0,0,0,0,0,0,0,0,0,0,0,0
surprise74,0.27,0.13,0,0.17,0,0.04,0,0,0,0,0,0,0,0,0,0,0.08,0,0,0,1,0,0,0,0,0,0,0,0,0,0,0,0,0,0,0
surprise75,0.2,0.25,0,0.17,0,0,0,0,0,0,0,0,0,0,0,0,0,0,0,0,1,0,0,0,0,0,0,0,0,0,0,0,0,0,0,0
surprise76,0.2,0.25,0,0.17,0,0.06,0,0,0,0,0,0,0,0,0,0,0.57,0,0,0,1,0,0,0,0,0,0,0,0,0,0,0,0,0,0,0
surprise77,0.11,0.12,0,0,0,0.09,0,0,0,0,0,0,0,0,0,0,1.14,0,0,0,1,0,0,0,0,0,0,0,0,0,0,0,0,0,0,0
surprise78,0,0,0,0,0,0.23,0,0,0,0,0,0,0,0,0,0,1.67,0,0,0,1,0,0,0,0,0,0,0,0,0,0,0,0,0,0,0
surprise79,0.29,0.34,0.02,0,0,0.18,0,0,0,0,0,0,0,0,0,0,1.1,0,0,0,1,0,0,0,0,0,0,0,0,0,0,0,0,0,0,0
surprise80,0.29,0.34,0.02,0,0,0.14,0,0,0,0,0,0,0,0,0,0,0.53,0,0,0,1,0,0,0,0,0,0,0,0,0,0,0,0,0,0,0
surprise81,0.53,0.57,0.03,0,0,0,0,0,0,0,0,0,0,0,0,0,0.05,0,0,0,1,0,0,0,0,0,0,0,0,0,0,0,0,0,0,0
surprise82,0.34,0.23,0.01,0,0,0,0,0,0,0,0,0,0,0,0,0,0.05,0,0,0,1,0,0,0,0,0,0,0,0,0,0,0,0,0,0,0
surprise83,0.34,0.23,0.01,0,0,0,0,0,0,0,0,0,0,0,0,0,0.05,0,0,0,1,0,0,0,0,0,0,0,0,0,0,0,0,0,0,0
surprise84,0.13,0,0,0,0,0,0,0,0,0,0,0,0,0,0,0,0,0,0,0,1,0,0,0,0,0,0,0,0,0,0,0,0,0,0,0
surprise85,0.03,0,0,0,0,0,0,0,0,0,0,0,0,0,0,0,0.08,0,0,0,1,0,0,0,0,0,0,0,0,0,0,0,0,0,0,0
surprise86,0.03,0.08,0,0,0,0,0,0,0,0,0,0,0,0,0,0,0.14,0,0,0,1,0,0,0,0,0,0,0,0,0,0,0,0,0,0,0
surprise87,0,0.08,0,0,0,0,0,0,0,0,0,0,0,0,0,0,0.14,0,0,0,1,0,0,0,0,0,0,0,0,0,0,0,0,0,0,0
surprise88,0.38,0.2,0.06,0,0,0,0,0,0,0,0,0,0,0,0,0,0.06,0,0,0,1,0,0,0,0,0,0,0,0,0,0,0,0,0,0,0
surprise89,0.38,0.11,0.06,0,0,0,0,0,0,0,0,0,0,0,0,0,0,0,0,0,1,0,0,0,0,0,0,0,0,0,0,0,0,0,0,0
surprise90,0.92,0.4,0.12,0.33,0,0,0,0,0,0,0,0,0,0,0,0,0,0,0,0,1,0,0,0,0,0,0,0,0,0,0,0,0,0,0,0
surprise91,0.54,0.29,0.05,0.39,0,0,0,0,0,0,0,0,0,0,0,0,0,0,0,0,1,0,0,0,0,0,0,0,0,0,0,0,0,0,0,0
surprise92,0.54,0.29,0.05,0.39,0,0,0,0,0,0,0,0,0,0,0,0,0,0,0,0,1,0,0,0,0,0,0,0,0,0,0,0,0,0,0,0
surprise93,0,0,0,0.07,0,0,0,0,0,0,0,0,0,0,0,0,0,0,0,0,1,0,0,0,0,0,0,0,0,0,0,0,0,0,0,0
surprise94,0.04,0,0,0,0,0,0,0,0,0,0,0,0,0,0,0,0,0,0,0,1,0,0,0,0,0,0,0,0,0,0,0,0,0,0,0
surprise95,0.04,0,0,0,0,0,0,0,0,0,0,0,0,0,0,0,0,0,0,0,1,0,0,0,0,0,0,0,0,0,0,0,0,0,0,0
surprise96,0.04,0,0,0,0,0,0,0,0,0,0,0,0,0,0,0,0,0,0,0,1,0,0,0,0,0,0,0,0,0,0,0,0,0,0,0
surprise97,0,0,0,0,0,0,0,0,0,0,0,0,0,0,0,0,0,0,0,0,0,0,0,0,0,0,0,0,0,0,0,0,0,0,0,0
surprise98,0,0,0,0,0,0,0,0,0,0,0,0,0,0,0,0,0,0,0,0,0,0,0,0,0,0,0,0,0,0,0,0,0,0,0,0
surprise99,0,0,0,0,0,0,0,0,0,0,0,0,0,0,0,0,0,0,0,0,0,0,0,0,0,0,0,0,0,0,0,0,0,0,0,0
surprise100,0,0,0,0,0,0,0,0,0,0,0,0,0,0,0,0,0,0,0,0,0,0,0,0,0,0,0,0,0,0,0,0,0,0,0,0
surprise101,0,0,0,0,0,0.04,0,0,0,0,0,0,0,0,0,0,0.31,0,0,0,0,0,0,0,0,0,0,0,0,0,0,0,0,0,0,0
surprise102,0,0,0,0,0,0.04,0,0,0,0,0,0,0,0,0,0,0.31,0,0,0,0,0,0,0,0,0,0,0,0,0,0,0,0,0,0,0
surprise103,0,0,0,0,0,0.04,0,0,0,0,0,0,0,0,0,0,0.31,0,0,0,0,0,0,0,0,0,0,0,0,0,0,0,0,0,0,0
surprise104,0,0,0,0,0,0,0,0,0,0,0,0,0,0,0,0,0,0,0,0,0,0,0,0,0,0,0,0,0,0,0,0,0,0,0,0
surprise105,0,0,0,0,0,0,0,0,0,0,0,0,0,0,0,0,0,0,0,0,1,0,0,0,0,0,0,0,0,0,0,0,0,0,0,0
surprise106,0,0,0,0,0,0,0,0,0,0,0,0,0,0,0,0,0,0,0,0,0,0,0,0,0,0,0,0,0,0,0,0,0,0,0,0
surprise107,0,0,0,0,0,0,0,0,0,0,0,0,0,0,0,0,0,0,0,0,0,0,0,0,0,0,0,0,0,0,0,0,0,0,0,0
surprise108,0,0,0,0,0,0,0,0,0,0,0,0,0,0,0,0,0,0,0,0,1,0,0,0,0,0,0,0,0,0,0,0,0,0,0,0
surprise109,0,0,0,0,0,0,0,0,0,0,0,0,0,0,0,0,0,0,0,0,1,0,0,0,0,0,0,0,0,0,0,0,0,0,0,0
surprise110,0,0,0,0,0,0.22,0,0,0,0,0,0,0,0,0,0,0,0,0,0,1,0,0,0,0,0,0,0,0,0,0,0,0,0,0,0
surprise111,0,0,0,0,0,0.27,0,0,0,0,0,0,0,0,0,0,0,0,0,0,1,0,0,0,0,0,0,0,0,0,0,0,0,0,0,0
surprise112,0.46,0.46,0,0,0,0.68,0,0,0,0,0,0,0,0,0,0,0,0,0,0,1,0,1,0,0,0,0,0,0,0,0,0,0,0,0,0
surprise113,0.46,0.46,0,0,0,0.46,0,0,0,0,0,0,0,0,0,0,0,0,0,0,1,0,1,0,0,0,0,0,0,0,0,0,0,0,0,0
surprise114,0.77,1.01,0,0,0,0.77,0,0,0,0,0,0,0,0,0,0,0,1,1,0,1,0,1,0,0,0,0,0,0,0,0,0,0,0,0,0
surprise115,0.61,0.55,0,0.63,0,0.39,0,0,0,0,0,0,0,0,0,0,0,1,1,0,1,0,0,0,0,0,0,0,0,0,0,0,0,0,0,0
surprise116,0.88,0.55,0,1.43,0,0.47,0,0,0,0,0,0,0,0,0,0,0,1,1,0,1,0,0,0,0,0,0,0,0,0,0,0,0,0,0,0
surprise117,0.76,0,0,2.17,0,0.16,0,0,0,0,0,0,0,0,0,0,0,1,1,0,1,0,0,0,0,0,0,0,0,0,0,0,0,0,0,0
surprise118,0.47,0,0,1.54,0,0.13,0,0,0,0,0,0,0,0,0,0,0,1,1,0,1,0,0,0,0,0,0,0,0,0,0,0,0,0,0,0
surprise119,0.19,0,0,0.74,0,0.22,0,0,0,0,0,0,0,0,0,0,0.02,1,0,0,1,0,0,0,0,0,0,0,0,0,0,0,0,0,0,0
surprise120,0,0,0,0,0,0.16,0,0,0,0,0,0,0,0,0,0,0.02,1,0,0,1,0,0,0,0,0,0,0,0,0,0,0,0,0,0,0
surprise121,0.06,0,0,0,0,0.32,0,0,0,0,0,0,0,0,0,0,0.32,1,0,0,1,0,0,0,0,0,0,0,0,0,0,0,0,0,0,0
surprise122,0.13,0,0,0,0,0.39,0,0,0,0,0,0,0,0,0,0,0.34,1,0,0,1,0,0,0,0,0,0,0,0,0,0,0,0,0,0,0
surprise123,0.13,0,0,0,0,0.51,0,0,0,0,0,0,0,0,0,0,0.44,1,0,0,1,0,0,0,0,0,0,0,0,0,0,0,0,0,0,0
surprise124,0.06,0,0,0.55,0,0.58,0,0,0,0,0,0,0,0,0,0,0.14,1,0,0,0,0,0,0,0,0,0,0,0,0,0,0,0,0,0,0
surprise125,0,0,0,0.55,0,0.35,0,0,0,0,0,0,0,0,0,0,0.1,1,0,0,0,0,0,0,0,0,0,0,0,0,0,0,0,0,0,0
surprise126,0,0,0,0.55,0,0.23,0,0,0,0,0,0,0,0,0,0,0,0,0,0,0,0,0,0,0,0,0,0,0,0,0,0,0,0,0,0
surprise127,0,0,0,0,0,0,0,0,0,0,0,0,0,0,0,0,0,0,0,0,0,0,0,0,0,0,0,0,0,0,0,0,0,0,0,0
surprise128,0,0,0.07,0.34,0,0,0,0,0,0,0,0,0,0,0,0,0.06,0,0,0,0,0,0,0,0,0,0,0,0,0,0,0,0,0,0,0
surprise129,0,0,0.07,0.34,0,0,0,0,0,0,0,0,0,0,0,0,0.06,0,0,0,0,0,0,0,0,0,0,0,0,0,0,0,0,0,0,0
surprise130,0.24,0.01,0.3,0.34,0,0,0,0,0,0,0,0,0,0,0,0,0.11,0,0,0,0,0,0,0,0,0,0,0,0,0,0,0,0,0,0,0
surprise131,0.51,0.01,0.47,0,0,0,0,0,0,0,0,0,0,0,0,0,0.14,0,0,0,0,0,0,0,0,0,0,0,0,0,0,0,0,0,0,0
surprise132,0.51,0.01,0.47,0,0,0,0,0,0,0,0,0,0,0,0,0,0.14,0,0,0,1,0,0,0,0,0,0,0,0,0,0,0,0,0,0,0
surprise133,0.27,0,0.24,0,0,0,0,0,0,0,0,0,0,0,0,0,0.09,0,0,0,1,0,0,0,0,0,0,0,0,0,0,0,0,0,0,0
surprise134,0.17,0,0,0,0,0,0,0,0,0,0,0,0,0,0,0,0,0,0,0,1,0,0,0,0,0,0,0,0,0,0,0,0,0,0,0
surprise135,0.48,0.08,0,0,0,0,0,0,0,0,0,0,0,0,0,0,0,0,0,0,1,0,0,0,0,0,0,0,0,0,0,0,0,0,0,0
surprise136,0.56,0.37,0,0.21,0,0,0,0,0,0,0,0,0,0,0,0,0,0,0,0,0,0,0,0,0,0,0,0,0,0,0,0,0,0,0,0
surprise137,0.39,0.37,0,0.21,0,0,0,0,0,0,0,0,0,0,0,0,0,0,0,0,1,0,0,0,0,0,0,0,0,0,0,0,0,0,0,0
surprise138,0.08,0.29,0,0.21,0,0,0,0,0,0,0,0,0,0,0,0,0,1,0,0,1,0,0,0,0,0,0,0,0,0,0,0,0,0,0,0
surprise139,0.09,0,0.04,0,0,0,0,0,0,0,0,0,0,0,0,0,0.29,1,1,0,1,0,0,0,0,0,0,0,0,0,0,0,0,0,0,0
surprise140,0.29,0,0.09,0,0,0,0,0,0,0,0,0,0,0,0,0,0.66,0,1,0,1,0,0,0,0,0,0,0,0,0,0,0,0,0,0,0
surprise141,0.44,0,0.2,0,0,0,0,0,0,0,0,0,0,0,0,0,1.03,0,0,0,0,0,0,0,0,0,0,0,0,0,0,0,0,0,0,0
surprise142,0.35,0,0.17,0,0,0,0,0,0,0,0,0,0,0,0,0,0.74,0,0,0,1,0,0,0,0,0,0,0,0,0,0,0,0,0,0,0
surprise143,0.15,0,0.11,0,0,0,0,0,0,0,0,0,0,0,0,0,0.36,0,0,0,1,0,0,0,0,0,0,0,0,0,0,0,0,0,1,0
surprise144,0,0,0,0.04,0,0,0,0,0,0,0,0,0,0,0,0,0,0,0,0,1,0,0,0,0,0,0,0,0,0,0,0,0,0,1,0
surprise145,0.04,0,0.19,0.04,0,0,0,0,0,0,0,0,0,0,0,0,0.37,0,0,0,1,0,0,0,0,0,0,0,0,0,0,0,0,0,0,0
surprise146,0.05,0,0.39,0.04,0,0,0,0,0,0,0,0,0,0,0,0,0.71,0,0,0,1,0,0,0,0,0,0,0,0,0,0,0,0,0,0,0
surprise147,0.05,0,0.39,0,0,0,0,0,0,0,0,0,0,0,0,0,0.71,0,0,0,1,0,0,0,0,0,0,0,0,0,0,0,0,0,1,0
surprise148,0.01,0,0.2,0,0,0,0,0,0,0,0,0,0,0,0,0,0.43,0,0,0,1,0,0,0,0,0,0,0,0,0,0,0,0,0,1,0
surprise149,0,0,0,0,0,0,0,0,0,0,0,0,0,0,0,0,0.11,0,0,0,1,0,0,0,0,0,0,0,0,0,0,0,0,0,1,0
surprise150,0,0,0,0,0,0,0,0,0,0,0,0,0,0,0,0,0.11,0,0,0,1,0,0,0,0,0,0,0,0,0,0,0,0,0,0,0
surprise151,0,0,0,0,0,0,0,0,0,0,0,0,0,0,0,0,0.03,0,0,0,1,0,0,0,0,0,0,0,0,0,0,0,0,0,0,0
surprise152,0.5,0.21,0,0,0,0,0,0,0,0,0,0,0,0,0,0,0.08,0,0,0,1,0,0,0,0,0,0,0,0,0,0,0,0,0,0,0
surprise153,1.12,0.45,0,0,0,0,0,0,0,0,0,0,0,0,0,0,0.12,1,0,0,1,0,0,0,0,0,0,0,0,0,0,0,0,0,0,0
surprise154,1.12,0.45,0.24,0,0,0.13,0,0,0,0,0,0,0,0,0,0,0.12,1,0,0,1,0,0,0,0,0,0,0,0,0,0,0,0,0,0,0
surprise155,0.62,0.24,0.45,0,0,0.2,0,0,0,0,0,0,0,0,0,0,0.03,1,0,0,1,0,0,0,0,0,0,0,0,0,0,0,0,0,0,0
surprise156,0,0,0.45,0,0,0.2,0,0,0,0,0,0,0,0,0,0,0,1,0,0,1,0,0,0,0,0,0,0,0,0,0,0,0,0,0,0
surprise157,0,0,0.21,0,0,0.07,0,0,0,0,0,0,0,0,0,0,0,0,0,0,1,0,0,0,0,0,0,0,0,0,0,0,0,0,0,0
surprise158,0,0,0,0,0,0,0,0,0,0,0,0,0,0,0,0,0.08,0,0,0,1,0,0,0,0,0,0,0,0,0,0,0,0,0,0,0
surprise159,0,0,0,0,0,0,0,0,0,0,0,0,0,0,0,0,0.13,0,0,0,1,0,0,0,0,0,0,0,0,0,0,0,0,0,0,0
surprise160,0.04,0,0,0,0,0,0,0,0,0,0,0,0,0,0,0,0.13,0,0,0,1,0,0,0,0,0,0,0,0,0,0,0,0,0,0,0
surprise161,0.04,0,0,0,0,0,0,0,0,0,0,0,0,0,0,0,0.05,0,0,0,1,0,0,0,0,0,0,0,0,0,0,0,0,0,0,0
surprise162,0.04,0,0,0,0,0,0,0,0,0,0,0,0,0,0,0,0,0,0,0,1,0,0,0,0,0,0,0,0,0,0,0,0,0,0,0
surprise163,0,0,0,0,0,0,0,0,0,0,0,0,0,0,0,0,0,0,0,0,1,0,0,0,0,0,0,0,0,0,0,0,0,0,0,0
surprise164,0.04,0.07,0,0,0,0,0,0,0,0,0,0,0,0,0,0,0.09,0,0,0,0,0,0,0,0,0,0,0,0,0,0,0,0,0,0,0
surprise165,0.04,0.07,0,0,0,0,0,0,0,0,0,0,0,0,0,0,0.09,0,0,0,0,0,0,0,0,0,0,0,0,0,0,0,0,0,0,0
surprise166,0.04,0.07,0,0,0,0,0,0,0,0,0,0,0,0,0,0,0.09,0,0,0,1,0,0,0,0,0,0,0,0,0,0,0,0,0,0,0
surprise167,0,0,0,0,0,0,0,0,0,0,0,0,0,0,0,0,0.04,0,0,0,1,0,0,0,0,0,0,0,0,0,0,0,0,0,0,0
surprise168,0,0,0,0,0,0,0,0,0,0,0,0,0,0,0,0,0.04,0,0,0,1,0,0,0,0,0,0,0,0,0,0,0,0,0,0,0
surprise169,0.41,0,0.06,0,0,0,0,0,0,0,0,0,0,0,0,0,0.04,0,0,0,1,0,0,0,0,0,0,0,0,0,0,0,0,0,0,0
surprise170,0.9,0.04,0.08,0,0,0,0,0,0,0,0,0,0,0,0,0,0,0,0,0,1,0,0,0,0,0,0,0,0,0,0,0,0,0,0,0
surprise171,1.4,0.05,0.14,0,0,0,0,0,0,0,0,0,0,0,0,0,0,0,0,0,1,0,0,0,0,0,0,0,0,0,0,0,0,0,0,0
surprise172,0.99,0.05,0.08,0,0,0,0,0,0,0,0,0,0,0,0,0,0,0,0,0,1,0,0,0,0,0,0,0,0,0,0,0,0,0,0,0
surprise173,0.5,0.02,0.06,0,0,0,0,0,0,0,0,0,0,0,0,0,0,0,0,0,1,0,0,0,0,0,0,0,0,0,0,0,0,0,0,0
surprise174,0.04,0,0,0,0,0,0,0,0,0,0,0,0,0,0,0,0.04,0,0,0,1,0,0,0,0,0,0,0,0,0,0,0,0,0,0,0
surprise175,0.04,0,0.08,0,0,0,0,0,0,0,0,0,0,0,0,0,0.04,0,0,0,1,0,0,0,0,0,0,0,0,0,0,0,0,0,1,0
surprise176,0.04,0,0.18,0,0,0.06,0,0,0,0,0,0,0,0,0,0,0.04,0,0,0,1,0,0,0,0,0,0,0,0,0,0,0,0,0,1,0
surprise177,0,0,0.35,0,0,0.15,0,0,0,0,0,0,0,0,0,0,0,1,1,0,1,0,0,0,0,0,0,0,0,0,0,0,0,0,1,0
surprise178,0.23,0,0.27,0,0,0.15,0,0,0,0,0,0,0,0,0,0,0.02,1,1,0,1,0,0,0,0,0,0,0,0,0,0,0,0,0,1,0
surprise179,0.54,0.06,0.17,0,0,0.09,0,0,0,0,0,0,0,0,0,0,0.02,1,1,0,1,0,0,0,0,0,0,0,0,0,0,0,0,0,1,0
surprise180,0.9,0.15,0,0,0,0,0,0,0,0,0,0,0,0,0,0,0.06,1,1,0,1,0,0,0,0,0,0,0,0,0,0,0,0,0,0,0
surprise181,0.66,0.15,0,0,0,0,0,0,0,0,0,0,0,0,0,0,0.2,1,1,0,1,0,0,0,0,0,0,0,0,0,0,0,0,0,0,0
surprise182,0.36,0.09,0,0,0,0,0,0,0,0,0,0,0,0,0,0,0.2,0,0,0,1,0,0,0,0,0,0,0,0,0,0,0,0,0,0,0
surprise183,0,0,0,0,0,0,0,0,0,0,0,0,0,0,0,0,0.35,0,0,0,1,0,0,0,0,0,0,0,0,0,0,0,0,0,0,0
surprise184,0,0,0,0,0,0,0,0,0,0,0,0,0,0,0,0,0.19,0,0,0,1,0,0,0,0,0,0,0,0,0,0,0,0,0,1,0
surprise185,0,0,0,0,0,0,0,0,0,0,0,0,0,0,0,0,0.29,0,0,0,1,0,0,0,0,0,0,0,0,0,0,0,0,0,1,0
surprise186,0,0,0,0,0,0,0,0,0,0,0,0,0,0,0,0,0.35,0,0,0,0,0,0,0,0,0,0,0,0,0,0,0,0,0,1,0
surprise187,0.02,0,0,0,0,0,0,0,0,0,0,0,0,0,0,0,0.35,0,0,0,0,0,0,0,0,0,0,0,0,0,0,0,0,0,1,0
surprise188,0.02,0,0,0,0,0,0,0,0,0,0,0,0,0,0,0,0.25,0,0,0,0,0,0,0,0,0,0,0,0,0,0,0,0,0,0,0
surprise189,0.02,0,0,0,0,0,0,0,0,0,0,0,0,0,0,0,0,0,0,0,1,0,0,0,0,0,0,0,0,0,0,0,0,0,0,0
surprise190,0.1,0,0,0.28,0,0,0,0,0,0,0,0,0,0,0,0,0.01,1,0,0,1,0,0,0,0,0,0,0,0,0,0,0,0,0,0,0
surprise191,0.34,0,0,0.64,0,0,0,0,0,0,0,0,0,0,0,0,0.01,1,0,0,1,0,0,0,0,0,0,0,0,0,0,0,0,0,0,0
surprise192,0.55,0,0,1.03,0,0,0,0,0,0,0,0,0,0,0,0,0.04,1,0,0,1,0,0,0,0,0,0,0,0,0,0,0,0,0,0,0
surprise193,0.57,0,0.23,0.75,0,0.19,0,0,0,0,0,0,0,0,0,0,0.03,1,0,0,1,0,0,0,0,0,0,0,0,0,0,0,0,0,0,0
surprise194,0.59,0,0.43,0.39,0,0.28,0,0,0,0,0,0,0,0,0,0,0.04,1,0,0,1,0,0,0,0,0,0,0,0,0,0,0,0,0,0,0
surprise195,0.65,0,0.64,0,0,0.4,0,0,0,0,0,0,0,0,0,0,0.04,1,0,0,1,0,0,0,0,0,0,0,0,0,0,0,0,0,0,0
surprise196,0.52,0,0.41,0.37,0,0.21,0,0,0,0,0,0,0,0,0,0,0.04,1,0,0,1,0,0,0,0,0,0,0,0,0,0,0,0,0,0,0
surprise197,0.27,0,0.21,0.74,0,0.12,0,0,0,0,0,0,0,0,0,0,0.02,0,0,0,1,0,0,0,0,0,0,0,0,0,0,0,0,0,0,0
surprise198,0,0,0,1.03,0,0,0,0,0,0,0,0,0,0,0,0,0,0,0,0,1,0,0,0,0,0,0,0,0,0,0,0,0,0,0,0
surprise199,0,0,0,0.66,0,0,0,0,0,0,0,0,0,0,0,0,0,0,0,0,1,0,0,0,0,0,0,0,0,0,0,0,0,0,0,0
surprise200,0.03,0,0,0.29,0,0,0,0,0,0,0,0,0,0,0,0,0,0,0,0,1,0,0,0,0,0,0,0,0,0,0,0,0,0,0,0
surprise201,0.03,0,0,0,0,0,0,0,0,0,0,0,0,0,0,0,0,0,0,0,1,0,0,0,0,0,0,0,0,0,0,0,0,0,0,0
surprise202,0.03,0,0,0,0,0,0,0,0,0,0,0,0,0,0,0,0.07,0,0,0,1,0,0,0,0,0,0,0,0,0,0,0,0,0,0,0
surprise203,0,0,0,0,0,0,0,0,0,0,0,0,0,0,0,0,0.07,0,0,0,0,0,0,0,0,0,0,0,0,0,0,0,0,0,0,0
surprise204,0,0,0,0,0,0,0,0,0,0,0,0,0,0,0,0,0.07,0,0,0,0,0,0,0,0,0,0,0,0,0,0,0,0,0,0,0
surprise205,0,0,0,0,0,0,0,0,0,0,0,0,0,0,0,0,0,0,0,0,0,0,0,0,0,0,0,0,0,0,0,0,0,0,0,0
surprise206,0.09,0,0,0,0,0,0,0,0,0,0,0,0,0,0,0,0,0,0,0,0,0,0,0,0,0,0,0,0,0,0,0,0,0,0,0
surprise207,0.24,0,0,0,0,0,0,0,0,0,0,0,0,0,0,0,0,0,0,0,0,0,0,0,0,0,0,0,0,0,0,0,0,0,0,0
surprise208,0.24,0,0,0,0,0,0,0,0,0,0,0,0,0,0,0,0.38,0,0,0,0,0,0,0,0,0,0,0,0,0,0,0,0,0,0,0
surprise209,0.15,0,0,0,0,0,0,0,0,0,0,0,0,0,0,0,0.82,0,0,0,0,0,0,0,0,0,0,0,0,0,0,0,0,0,0,0
surprise210,0,0,0,0,0,0,0,0,0,0,0,0,0,0,0,0,1.22,0,0,0,1,0,0,0,0,0,0,0,0,0,0,0,0,0,0,0
surprise211,0,0,0,0,0,0,0,0,0,0,0,0,0,0,0,0,0.84,0,0,0,1,0,0,0,0,0,0,0,0,0,0,0,0,0,0,0
surprise212,0,0,0,0,0,0,0,0,0,0,0,0,0,0,0,0,0.41,0,0,0,1,0,0,0,0,0,0,0,0,0,0,0,0,0,0,0
surprise213,0,0.02,0,0,0,0,0,0,0,0,0,0,0,0,0,0,0,0,0,0,1,0,0,0,0,0,0,0,0,0,0,0,0,0,0,0
surprise214,0,0.02,0,0,0,0,0,0,0,0,0,0,0,0,0,0,0,0,0,0,1,0,0,0,0,0,0,0,0,0,0,0,0,0,0,0
surprise215,0,0.02,0,0,0,0,0,0,0,0,0,0,0,0,0,0,0,0,0,0,1,0,0,0,0,0,0,0,0,0,0,0,0,0,0,0
surprise216,0,0,0,0,0,0,0,0,0,0,0,0,0,0,0,0,0,0,0,0,1,0,0,0,0,0,0,0,0,0,0,0,0,0,0,0
surprise217,0,0,0.01,0,0,0,0,0,0,0,0,0,0,0,0,0,0,0,0,0,1,0,0,0,0,0,0,0,0,0,0,0,0,0,0,0
surprise218,0,0,0.01,0,0,0,0,0,0,0,0,0,0,0,0,0,0,0,0,0,1,0,0,0,0,0,0,0,0,0,0,0,0,0,0,0
surprise219,0,0,0.02,0,0,0,0,0,0,0,0,0,0,0,0,0,0,0,0,0,1,0,0,0,0,0,0,0,0,0,0,0,0,0,0,0
surprise220,0,0,0.01,0,0,0,0,0,0,0,0,0,0,0,0,0,0,0,0,0,1,0,0,0,0,0,0,0,0,0,0,0,0,0,0,0
surprise221,0,0,0,0.04,0,0,0,0,0,0,0,0,0,0,0,0,0,0,0,0,1,0,0,0,0,0,0,0,0,0,0,0,0,0,0,0
surprise222,0,0,0,0.04,0,0,0,0,0,0,0,0,0,0,0,0,0,0,0,0,0,0,0,0,0,0,0,0,0,0,0,0,0,0,0,0
surprise223,0,0,0,0.04,0,0,0,0,0,0,0,0,0,0,0,0,0,0,0,0,0,0,0,0,0,0,0,0,0,0,0,0,0,0,0,0
surprise224,0,0,0,0,0,0,0,0,0,0,0,0,0,0,0,0,0,0,0,0,0,0,0,0,0,0,0,0,0,0,0,0,0,0,0,0
surprise225,0,0,0.53,0,0,0.13,0,0,0,0,0,0,0,0,0,0,0,0,0,0,0,0,0,0,0,0,0,0,0,0,0,0,0,0,0,0
surprise226,0.21,0,0.65,0,0,0.13,0,0,0,0,0,0,0,0,0,0,0,0,0,0,0,0,0,0,0,0,0,0,0,0,0,0,0,0,0,0
surprise227,0.21,0,0.65,0,0,0.13,0,0,0,0,0,0,0,0,0,0,0,0,0,0,0,0,0,0,0,0,0,0,0,0,0,0,0,0,0,0
surprise228,0.21,0,0.12,0,0,0,0,0,0,0,0,0,0,0,0,0,0,0,0,0,1,0,0,0,0,0,0,0,0,0,0,0,0,0,0,0
surprise229,0,0,0,0,0,0.24,0,0,0,0,0,0,0,0,0,0,0,0,0,0,1,0,0,0,0,0,0,0,0,0,0,0,0,0,0,0
surprise230,0,0,0,0.14,0,0.45,0,0,0,0,0,0,0,0,0,0,0,0,0,0,0,0,0,0,0,0,0,0,0,0,0,0,0,0,0,0
surprise231,0,0,0,0.14,0,0.45,0,0,0,0,0,0,0,0,0,0,0,0,0,0,0,0,0,0,0,0,0,0,0,0,0,0,0,0,0,0
surprise232,0,0,0,0.14,0,0.2,0,0,0,0,0,0,0,0,0,0,0,0,0,0,0,0,0,0,0,0,0,0,0,0,0,0,0,0,0,0
surprise233,0,0,0,0,0,0,0,0,0,0,0,0,0,0,0,0,0,0,0,0,0,0,0,0,0,0,0,0,0,0,0,0,0,0,0,0
surprise234,0,0,0,0,0,0,0,0,0,0,0,0,0,0,0,0,0,0,0,0,1,0,0,0,0,0,0,0,0,0,0,0,0,0,0,0
surprise235,0,0,0,0,0,0,0,0,0,0,0,0,0,0,0,0,0,0,0,0,0,0,0,0,0,0,0,0,0,0,0,0,0,0,0,0
happy1,0,0,0.16,0,0,0.99,0,0,0,0,0,0,0,0,0,0,0,0,1,0,0,0,1,0,0,0,0,0,0,0,0,0,0,0,0,0
happy2,0,0,0.11,0,0,1,0,0,0,0,0,0,0,0,0,0,0,0,1,0,0,0,1,0,0,0,0,0,0,0,0,0,0,0,0,0
happy3,0,0,0.11,0,0,1.3,0,0,0,0,0,0,0,0,0,0,0,0,1,0,0,0,0,0,0,0,0,0,0,0,0,0,0,0,0,0
happy4,0,0,0.15,0,0,1.63,0,0,0,0,0,0,0,0,0,0,0,0,0,0,0,0,1,0,0,0,0,0,0,0,0,0,0,0,0,0
happy5,0,0,0.17,0,0,2.12,0,0,0,0,0,0,0,0,0,0,0,0,0,0,0,0,1,0,0,0,0,0,0,0,0,0,0,0,0,0
happy6,0,0,0.12,0,0,1.8,0,0,0,0,0,0,0,0,0,0,0.05,0,0,0,0,0,1,0,0,0,0,0,0,0,0,0,0,0,0,0
happy7,0,0,0.06,0,0,1.32,0,0,0,0,0,0,0,0,0,0,0.05,0,0,1,0,0,1,0,0,0,0,0,0,0,0,0,0,0,0,0
happy8,0,0,0,0,0,0.95,0,0,0,0,0,0,0,0,0,0,0.05,0,0,1,0,0,1,0,0,0,0,0,0,0,0,0,0,0,0,0
happy9,0.06,0.23,0.23,0,0,0.83,0,0,0,0,0,0,0,0,0,0,0.11,0,0,1,0,0,1,0,0,0,0,0,0,0,0,0,0,0,0,0
happy10,0.11,0.45,0.57,0,0,0.78,0,0,0,0,0,0,0,0,0,0,0.16,0,0,0,0,0,1,0,0,0,0,0,0,0,0,0,0,0,0,0
happy11,0.15,0.55,0.93,0,0,0.6,0,0,0,0,0,0,0,0,0,0,0.18,0,0,0,0,0,1,0,0,0,0,0,0,0,0,0,0,0,0,0
happy12,0.08,0.32,0.71,0,0,1.25,0,0,0,0,0,0,0,0,0,0,0.22,0,0,0,0,0,1,0,0,0,0,0,0,0,0,0,0,0,1,0
happy13,0.04,0.1,0.36,0,0,1.89,0,0,0,0,0,0,0,0,0,0,0.35,0,0,0,0,0,1,0,0,0,0,0,0,0,0,0,0,0,0,0
happy14,0,0,0.01,0,0,2.44,0,0,0,0,0,0,0,0,0,0,0.47,0,0,0,0,0,1,0,0,0,0,0,0,0,0,0,0,0,0,0
happy15,0.02,0,0,0,0,2.67,0,0,0,0,0,0,0,0,0,0,0.32,0,0,0,0,0,1,0,0,0,0,0,0,0,0,0,0,0,0,0
happy16,0.04,0,0,0,0,2.93,0,0,0,0,0,0,0,0,0,0,0.14,1,0,0,0,0,1,0,0,0,0,0,0,0,0,0,0,0,0,0
happy17,0.06,0,0,0,0,3.29,0,0,0,0,0,0,0,0,0,0,0,1,0,0,0,0,1,0,0,0,0,0,0,0,0,0,0,0,0,0
happy18,0.15,0,0,0.08,0,3.07,0,0,0,0,0,0,0,0,0,0,0,1,0,0,0,0,1,0,0,0,0,0,0,0,0,0,0,0,0,0
happy19,0.24,0,0,0.16,0,2.85,0,0,0,0,0,0,0,0,0,0,0,1,0,0,0,0,1,0,0,0,0,0,0,0,0,0,0,0,0,0
happy20,0.35,0,0,0.23,0,2.7,0,0,0,0,0,0,0,0,0,0,0,1,0,0,0,0,1,0,0,0,0,0,0,0,0,0,0,0,0,0
happy21,0.63,0,0,0.16,0,2.66,0,0,0,0,0,0,0,0,0,0,0.17,1,0,0,0,0,1,0,0,0,0,0,0,0,0,0,0,0,0,0
happy22,0.86,0,0,0.08,0,2.55,0,0,0,0,0,0,0,0,0,0,0.31,1,0,0,0,0,1,0,0,0,0,0,0,0,0,0,0,0,0,0
happy23,1.07,0,0,0,0,2.59,0,0,0,0,0,0,0,0,0,0,0.46,1,0,0,0,0,1,0,0,0,0,0,0,0,0,0,0,0,0,0
happy24,0.98,0.09,0.2,0.13,0,2.21,0,0,0,0,0,0,0,0,0,0,0.29,1,0,0,0,0,1,0,0,0,0,0,0,0,0,0,0,0,0,0
happy25,0.92,0.16,0.42,0.17,0,1.72,0,0,0,0,0,0,0,0,0,0,0.15,1,0,0,0,0,1,0,0,0,0,0,0,0,0,0,0,0,1,0
happy26,0.88,0.19,0.7,0.19,0,1.06,0,0,0,0,0,0,0,0,0,0,0,1,0,0,0,0,1,0,0,0,0,0,0,0,0,0,0,0,1,0
happy27,0.58,0.1,0.5,0.06,0,1.57,0,0,0,0,0,0,0,0,0,0,0,1,0,0,0,0,1,0,0,0,0,0,0,0,0,0,0,0,1,0
happy28,0.29,0.03,0.29,0.02,0,2.24,0,0,0,0,0,0,0,0,0,0,0,0,0,0,0,0,1,0,0,0,0,0,0,0,0,0,0,0,0,0
happy29,0,0,0,0,0,2.94,0,0,0,0,0,0,0,0,0,0,0,0,0,0,0,0,1,0,0,0,0,0,0,0,0,0,0,0,0,0
happy30,0,0,0,0,0,2.24,0,0,0,0,0,0,0,0,0,0,0.05,0,0,0,0,0,1,0,0,0,0,0,0,0,0,0,0,0,0,0
happy31,0,0,0.06,0,0,1.53,0,0,0,0,0,0,0,0,0,0,0.05,0,0,0,0,0,1,0,0,0,0,0,0,0,0,0,0,0,0,0
happy32,0,0,0.15,0,0,0.61,0,0,0,0,0,0,0,0,0,0,0.05,0,0,0,0,0,1,0,0,0,0,0,0,0,0,0,0,0,0,0
happy33,0,0,0.15,0,0,0.63,0,0,0,0,0,0,0,0,0,0,0.16,0,0,0,0,0,1,0,0,0,0,0,0,0,0,0,0,0,0,0
happy34,0,0,0.09,0,0,0.62,0,0,0,0,0,0,0,0,0,0,0.3,0,0,0,0,0,1,0,0,0,0,0,0,0,0,0,0,0,0,0
happy35,0,0,0,0,0,0.78,0,0,0,0,0,0,0,0,0,0,0.49,0,0,0,0,0,1,0,0,0,0,0,0,0,0,0,0,0,0,0
happy36,0,0.03,0,0,0,1.19,0,0,0,0,0,0,0,0,0,0,0.34,0,0,0,0,0,1,0,0,0,0,0,0,0,0,0,0,0,0,0
happy37,0,0.07,0,0,0,1.69,0,0,0,0,0,0,0,0,0,0,0.19,0,0,0,0,0,1,0,0,0,0,0,0,0,0,0,0,0,0,0
happy38,0,0.08,0,0,0,2.19,0,0,0,0,0,0,0,0,0,0,0,0,0,0,0,0,1,0,0,0,0,0,0,0,0,0,0,0,0,0
happy39,0,0.05,0,0,0,1.67,0,0,0,0,0,0,0,0,0,0,0,0,0,0,0,0,1,0,0,0,0,0,0,0,0,0,0,0,0,0
happy40,0,0.02,0,0,0,1.19,0,0,0,0,0,0,0,0,0,0,0,0,0,0,0,0,1,0,0,0,0,0,0,0,0,0,0,0,0,0
happy41,0,0,0,0,0,0.66,0,0,0,0,0,0,0,0,0,0,0,0,0,0,0,0,1,0,0,0,0,0,0,0,0,0,0,0,0,0
happy42,0.52,0.26,0,0.18,0,0.7,0,0,0,0,0,0,0,0,0,0,0,0,0,0,0,0,1,0,0,0,0,0,0,0,0,0,0,0,0,0
happy43,1.02,0.37,0,0.26,0,0.47,0,0,0,0,0,0,0,0,0,0,0,0,1,0,0,0,1,0,0,0,0,0,0,0,0,0,0,0,0,0
happy44,1.56,0.57,0,0.33,0,0.34,0,0,0,0,0,0,0,0,0,0,0,0,1,0,0,0,1,0,0,0,0,0,0,0,0,0,0,0,0,0
happy45,1.04,0.3,0,0.15,0,0.42,0,0,0,0,0,0,0,0,0,0,0,0,1,0,0,0,1,0,0,0,0,0,0,0,0,0,0,0,0,0
happy46,0.54,0.2,0,0.07,0,0.79,0,0,0,0,0,0,0,0,0,0,0,1,1,0,0,0,1,0,0,0,0,0,0,0,0,0,0,0,0,0
happy47,0,0,0,0,0,0.98,0,0,0,0,0,0,0,0,0,0,0,1,1,0,0,0,1,0,0,0,0,0,0,0,0,0,0,0,0,0
happy48,0.3,0.1,0,0,0,0.71,0,0,0,0,0,0,0,0,0,0,0.03,1,1,0,0,0,1,0,0,0,0,0,0,0,0,0,0,0,0,0
happy49,0.57,0.19,0,0,0,0.32,0,0,0,0,0,0,0,0,0,0,0.03,0,1,0,0,0,1,0,0,0,0,0,0,0,0,0,0,0,0,0
happy50,0.77,0.21,0,0,0,0.12,0,0,0,0,0,0,0,0,0,0,0.1,0,1,0,0,0,1,0,0,0,0,0,0,0,0,0,0,0,0,0
happy51,0.67,0.2,0,0,0,0.63,0,0,0,0,0,0,0,0,0,0,0.06,0,1,0,0,0,1,0,0,0,0,0,0,0,0,0,0,0,0,0
happy52,0.55,0.11,0,0,0,1.04,0,0,0,0,0,0,0,0,0,0,0.06,0,0,0,0,0,1,0,0,0,0,0,0,0,0,0,0,0,0,0
happy53,0.51,0.09,0,0,0,1.57,0,0,0,0,0,0,0,0,0,0,0,0,0,0,0,0,1,0,0,0,0,0,0,0,0,0,0,0,0,0
happy54,0.32,0,0,0,0,1.3,0,0,0,0,0,0,0,0,0,0,0,0,0,0,0,0,1,0,0,0,0,0,0,0,0,0,0,0,0,0
happy55,0.17,0,0,0,0,0.9,0,0,0,0,0,0,0,0,0,0,0,0,0,0,0,0,1,0,0,0,0,0,0,0,0,0,0,0,0,0
happy56,0,0,0,0,0,0.25,0,0,0,0,0,0,0,0,0,0,0,0,0,0,0,0,1,0,0,0,0,0,0,0,0,0,0,0,0,0
happy57,0,0,0,0,0,0.04,0,0,0,0,0,0,0,0,0,0,0,0,0,0,0,0,1,0,0,0,0,0,0,0,0,0,0,0,0,0
happy58,0,0,0,0,0,0.13,0,0,0,0,0,0,0,0,0,0,0,0,0,0,0,0,1,0,0,0,0,0,0,0,0,0,0,0,0,0
happy59,0,0,0,0,0,0.22,0,0,0,0,0,0,0,0,0,0,0,0,0,0,0,0,1,0,0,0,0,0,0,0,0,0,0,0,0,0
happy60,0,0,0,0,0,0.21,0,0,0,0,0,0,0,0,0,0,0,0,0,0,0,0,1,0,0,0,0,0,0,0,0,0,0,0,0,0
happy61,0,0,0,0,0,0.28,0,0,0,0,0,0,0,0,0,0,0,0,0,0,0,0,1,0,0,0,0,0,0,0,0,0,0,0,0,0
happy62,0,0,0,0,0,0.34,0,0,0,0,0,0,0,0,0,0,0,0,0,0,1,0,1,0,0,0,0,0,0,0,0,0,0,0,0,0
happy63,0,0,0,0,0,0.31,0,0,0,0,0,0,0,0,0,0,0.21,0,0,0,1,0,1,0,0,0,0,0,0,0,0,0,0,0,0,0
happy64,0,0,0,0,0,0.16,0,0,0,0,0,0,0,0,0,0,0.41,0,0,0,1,0,1,0,0,0,0,0,0,0,0,0,0,0,0,0
happy65,0,0,0,0.01,0,0,0,0,0,0,0,0,0,0,0,0,0.66,0,0,0,1,0,1,0,0,0,0,0,0,0,0,0,0,0,0,0
happy66,0.04,0,0,0.01,0,0.27,0,0,0,0,0,0,0,0,0,0,0.71,0,0,0,0,0,1,0,0,0,0,0,0,0,0,0,0,0,0,0
happy67,0.08,0,0,0.01,0,0.56,0,0,0,0,0,0,0,0,0,0,0.67,0,1,0,1,0,0,0,0,0,0,0,0,0,0,0,0,0,0,0
happy68,0.13,0,0,0,0,0.9,0,0,0,0,0,0,0,0,0,0,0.48,0,1,0,1,0,1,0,0,0,0,0,0,0,0,0,0,0,0,0
happy69,0.08,0,0,0,0,0.63,0,0,0,0,0,0,0,0,0,0,0.63,0,1,0,1,0,1,0,0,0,0,0,0,0,0,0,0,0,0,0
happy70,0.04,0,0,0,0,0.33,0,0,0,0,0,0,0,0,0,0,0.87,0,0,0,1,0,1,0,0,0,0,0,0,0,0,0,0,0,0,0
happy71,0,0.03,0,0,0,0,0,0,0,0,0,0,0,0,0,0,1.22,0,1,0,1,0,1,0,0,0,0,0,0,0,0,0,0,0,0,0
happy72,0,0.03,0,0,0,0.47,0,0,0,0,0,0,0,0,0,0,1.07,0,1,0,1,0,1,0,0,0,0,0,0,0,0,0,0,0,0,0
happy73,0.03,0.03,0,0,0,0.89,0,0,0,0,0,0,0,0,0,0,0.82,0,1,0,1,0,1,0,0,0,0,0,0,0,0,0,0,0,0,0
happy74,0.03,0,0,0,0,1.35,0,0,0,0,0,0,0,0,0,0,0.53,0,1,0,1,0,1,0,0,0,0,0,0,0,0,0,0,0,0,0
happy75,0.42,0.25,0,0.08,0,0.88,0,0,0,0,0,0,0,0,0,0,0.47,0,1,0,1,0,1,0,0,0,0,0,0,0,0,0,0,0,0,0
happy76,0.78,0.54,0,0.08,0,0.46,0,0,0,0,0,0,0,0,0,0,0.47,1,1,0,1,0,1,0,0,0,0,0,0,0,0,0,0,0,0,0
happy77,1.09,0.72,0,0.09,0,0,0,0,0,0,0,0,0,0,0,0,0.59,1,1,0,1,0,1,0,0,0,0,0,0,0,0,0,0,0,0,0
happy78,1.03,0.47,0,0.01,0,0.14,0,0,0,0,0,0,0,0,0,0,0.39,1,1,0,1,0,1,0,0,0,0,0,0,0,0,0,0,0,0,0
happy79,1.01,0.18,0,0.01,0,0.3,0,0,0,0,0,0,0,0,0,0,0.25,1,0,0,1,0,1,0,0,0,0,0,0,0,0,0,0,0,0,0
happy80,1.07,0.03,0,0,0,0.45,0,0,0,0,0,0,0,0,0,0,0,1,0,0,0,0,1,0,0,0,0,0,0,0,0,0,0,0,0,0
happy81,0.74,0.03,0,0.04,0,0.34,0,0,0,0,0,0,0,0,0,0,0.25,1,0,0,0,0,1,0,0,0,0,0,0,0,0,0,0,0,0,0
happy82,0.37,0.03,0,0.04,0,0.27,0,0,0,0,0,0,0,0,0,0,0.52,0,0,0,0,0,1,0,0,0,0,0,0,0,0,0,0,0,0,0
happy83,0,0,0,0.08,0,0.15,0,0,0,0,0,0,0,0,0,0,0.83,0,0,0,0,0,1,0,0,0,0,0,0,0,0,0,0,0,0,0
happy84,0.04,0,0,0.04,0,0.4,0,0,0,0,0,0,0,0,0,0,0.58,0,0,0,0,0,1,0,0,0,0,0,0,0,0,0,0,0,0,0
happy85,0.09,0,0,0.04,0,0.61,0,0,0,0,0,0,0,0,0,0,0.31,0,0,0,0,0,1,0,0,0,0,0,0,0,0,0,0,0,0,0
happy86,0.14,0,0,0,0,0.82,0,0,0,0,0,0,0,0,0,0,0,0,0,0,0,0,1,0,0,0,0,0,0,0,0,0,0,0,0,0
happy87,0.11,0,0,0,0,0.82,0,0,0,0,0,0,0,0,0,0,0,0,0,0,0,0,1,0,0,0,0,0,0,0,0,0,0,0,0,0
happy88,0.05,0,0,0,0,0.8,0,0,0,0,0,0,0,0,0,0,0,0,0,0,0,0,1,0,0,0,0,0,0,0,0,0,0,0,0,0
happy89,0,0,0,0,0,0.91,0,0,0,0,0,0,0,0,0,0,0,0,0,0,0,0,1,0,0,0,0,0,0,0,0,0,0,0,0,0
happy90,0,0,0,0,0,0.91,0,0,0,0,0,0,0,0,0,0,0,0,0,0,0,0,1,0,0,0,0,0,0,0,0,0,0,0,0,0
happy91,0,0,0,0,0,0.93,0,0,0,0,0,0,0,0,0,0,0,0,0,0,0,0,1,0,0,0,0,0,0,0,0,0,0,0,0,0
happy92,0,0,0,0,0,0.89,0,0,0,0,0,0,0,0,0,0,0,0,0,0,0,0,1,0,0,0,0,0,0,0,0,0,0,0,0,0
happy93,0.88,0.54,0.46,0.04,0,1.17,0,0,0,0,0,0,0,0,0,0,0.04,0,0,0,0,0,1,0,0,0,0,0,0,0,0,0,0,0,0,0
happy94,1.77,0.99,0.98,0.05,0,1.64,0,0,0,0,0,0,0,0,0,0,0.17,0,0,1,0,0,1,0,0,0,0,0,0,0,0,0,0,0,0,0
happy95,2.65,1.4,1.46,0.06,0,1.9,0,0,0,0,0,0,0,0,0,0,0.27,0,0,1,0,0,1,0,0,0,0,0,0,0,0,0,0,0,0,0
happy96,1.8,0.87,1.25,0.02,0,1.79,0,0,0,0,0,0,0,0,0,0,0.28,0,0,1,0,0,1,0,0,0,0,0,0,0,0,0,0,0,0,0
happy97,0.91,0.42,1.01,0.01,0,1.45,0,0,0,0,0,0,0,0,0,0,0.26,0,0,1,0,0,1,0,0,0,0,0,0,0,0,0,0,0,0,0
happy98,0.07,0,0.78,0,0,1.37,0,0,0,0,0,0,0,0,0,0,0.26,0,0,1,0,0,1,0,0,0,0,0,0,0,0,0,0,0,0,0
happy99,0.04,0,0.53,0.01,0,1.19,0,0,0,0,0,0,0,0,0,0,0.28,0,0,1,0,0,1,0,0,0,0,0,0,0,0,0,0,0,0,0
happy100,0.03,0,0.26,0.02,0,1.03,0,0,0,0,0,0,0,0,0,0,0.2,0,0,0,0,0,1,0,0,0,0,0,0,0,0,0,0,0,0,0
happy101,0,0,0,0.03,0,0.79,0,0,0,0,0,0,0,0,0,0,0.1,0,0,0,0,0,1,0,0,0,0,0,0,0,0,0,0,0,0,0
happy102,0.12,0.29,0,0.37,0,0.74,0,0,0,0,0,0,0,0,0,0,0.56,0,0,0,0,0,1,0,0,0,0,0,0,0,0,0,0,0,0,0
happy103,0.29,0.67,0,0.64,0,0.8,0,0,0,0,0,0,0,0,0,0,1.02,0,0,0,0,0,1,0,0,0,0,0,0,0,0,0,0,0,0,0
happy104,0.5,1.07,0,0.94,0,0.83,0,0,0,0,0,0,0,0,0,0,1.47,0,0,0,0,0,1,0,0,0,0,0,0,0,0,0,0,0,0,0
happy105,0.37,0.79,0,0.6,0,1.9,0,0,0,0,0,0,0,0,0,0,0.97,0,0,0,0,0,1,0,0,0,0,0,0,0,0,0,0,0,0,0
happy106,0.21,0.41,0,0.31,0,3.11,0,0,0,0,0,0,0,0,0,0,0.48,0,0,0,0,0,1,0,0,0,0,0,0,0,0,0,0,0,0,0
happy107,0,0,0,0,0,4.35,0,0,0,0,0,0,0,0,0,0,0.03,0,0,0,0,0,1,0,0,0,0,0,0,0,0,0,0,0,0,0
happy108,0,0,0,0,0,4.22,0,0,0,0,0,0,0,0,0,0,0,0,0,0,0,0,1,0,0,0,0,0,0,0,0,0,0,0,0,0
happy109,0,0,0,0,0,3.86,0,0,0,0,0,0,0,0,0,0,0,0,0,0,0,0,1,0,0,0,0,0,0,0,0,0,0,0,0,0
happy110,0,0,0,0,0,3.47,0,0,0,0,0,0,0,0,0,0,0,0,0,0,0,0,1,0,0,0,0,0,0,0,0,0,0,0,0,0
happy111,0,0,0.13,0,0,2.43,0,0,0,0,0,0,0,0,0,0,0,0,0,0,0,0,1,0,0,0,0,0,0,0,0,0,0,0,0,0
happy112,0,0,0.2,0,0,1.45,0,0,0,0,0,0,0,0,0,0,0,0,0,0,0,0,1,0,0,0,0,0,0,0,0,0,0,0,0,0
happy113,0,0,0.35,0,0,0.7,0,0,0,0,0,0,0,0,0,0,0,0,0,0,0,0,1,0,0,0,0,0,0,0,0,0,0,0,0,0
happy114,0.1,0,0.22,0,0,1.09,0,0,0,0,0,0,0,0,0,0,0,0,0,0,0,0,1,0,0,0,0,0,0,0,0,0,0,0,0,0
happy115,0.2,0,0.14,0,0,1.43,0,0,0,0,0,0,0,0,0,0,0,0,0,0,1,0,1,0,0,0,0,0,0,0,0,0,0,0,0,0
happy116,0.29,0,0,0,0,1.62,0,0,0,0,0,0,0,0,0,0,0,0,0,0,1,0,1,0,0,0,0,0,0,0,0,0,0,0,0,0
happy117,0.19,0,0,0,0,1.08,0,0,0,0,0,0,0,0,0,0,0,0,0,0,1,0,1,0,0,0,0,0,0,0,0,0,0,0,0,0
happy118,0.09,0,0,0,0,0.64,0,0,0,0,0,0,0,0,0,0,0,1,0,0,0,0,1,0,0,0,0,0,0,0,0,0,0,0,0,0
happy119,0,0,0,0,0,0.18,0,0,0,0,0,0,0,0,0,0,0,1,0,0,0,0,1,0,0,0,0,0,0,0,0,0,0,0,0,0
happy120,0,0,0.28,0,0,0.9,0,0,0,0,0,0,0,0,0,0,0.14,1,0,0,0,0,1,0,0,0,0,0,0,0,0,0,0,0,0,0
happy121,0,0,0.57,0,0,1.67,0,0,0,0,0,0,0,0,0,0,0.16,1,0,0,0,0,1,0,0,0,0,0,0,0,0,0,0,0,0,0
happy122,0,0,0.85,0,0,2.32,0,0,0,0,0,0,0,0,0,0,0.16,1,0,0,0,0,1,0,0,0,0,0,0,0,0,0,0,0,0,0
happy123,0.27,0,0.61,0.07,0,1.91,0,0,0,0,0,0,0,0,0,0,0.38,1,0,0,0,0,1,0,0,0,0,0,0,0,0,0,0,0,1,0
happy124,0.48,0,0.32,0.1,0,1.38,0,0,0,0,0,0,0,0,0,0,0.64,1,0,0,0,0,1,0,0,0,0,0,0,0,0,0,0,0,1,0
happy125,0.68,0,0.04,0.14,0,0.87,0,0,0,0,0,0,0,0,0,0,0.92,1,0,0,0,0,1,0,0,0,0,0,0,0,0,0,0,0,0,0
happy126,0.41,0,0.1,0.08,0,0.72,0,0,0,0,0,0,0,0,0,0,0.56,1,0,0,0,0,1,0,0,0,0,0,0,0,0,0,0,0,0,0
happy127,0.21,0,0.1,0.04,0,0.59,0,0,0,0,0,0,0,0,0,0,0.28,1,1,0,0,0,1,0,0,0,0,0,0,0,0,0,0,0,1,0
happy128,0,0,0.17,0,0,0.53,0,0,0,0,0,0,0,0,0,0,0,1,1,0,0,0,1,0,0,0,0,0,0,0,0,0,0,0,1,0
happy129,0.42,0.13,0.18,0,0,0.94,0,0,0,0,0,0,0,0,0,0,0.02,1,1,0,0,0,1,0,0,0,0,0,0,0,0,0,0,0,1,0
happy130,0.84,0.28,0.27,0,0,1.34,0,0,0,0,0,0,0,0,0,0,0.02,1,1,0,0,0,1,0,0,0,0,0,0,0,0,0,0,0,0,0
happy131,1.27,0.45,0.29,0,0,1.72,0,0,0,0,0,0,0,0,0,0,0.02,1,1,0,0,0,1,0,0,0,0,0,0,0,0,0,0,0,0,0
happy132,0.9,0.32,0.18,0.02,0,1.44,0,0,0,0,0,0,0,0,0,0,0,1,1,0,0,0,1,0,0,0,0,0,0,0,0,0,0,0,0,0
happy133,0.54,0.17,0.08,0.02,0,1.14,0,0,0,0,0,0,0,0,0,0,0,1,1,0,0,0,1,0,0,0,0,0,0,0,0,0,0,0,0,0
happy134,0.17,0,0,0.02,0,0.87,0,0,0,0,0,0,0,0,0,0,0,1,1,0,0,0,1,0,0,0,0,0,0,0,0,0,0,0,0,0
happy135,0.46,0,0.17,0.19,0,1.17,0,0,0,0,0,0,0,0,0,0,0.37,1,1,0,0,0,1,0,0,0,0,0,0,0,0,0,0,0,0,0
happy136,0.75,0,0.35,0.25,0,1.48,0,0,0,0,0,0,0,0,0,0,0.65,1,0,0,0,0,1,0,0,0,0,0,0,0,0,0,0,0,0,0
happy137,1.04,0,0.55,0.37,0,1.84,0,0,0,0,0,0,0,0,0,0,0.9,0,0,0,0,0,1,0,0,0,0,0,0,0,0,0,0,0,0,0
happy138,0.87,0,0.44,0.19,0,1.93,0,0,0,0,0,0,0,0,0,0,0.54,0,0,0,0,0,1,0,0,0,0,0,0,0,0,0,0,0,0,0
happy139,0.7,0,0.31,0.13,0,2.07,0,0,0,0,0,0,0,0,0,0,0.25,0,0,0,0,0,1,0,0,0,0,0,0,0,0,0,0,0,0,0
happy140,0.5,0,0.18,0,0,2.16,0,0,0,0,0,0,0,0,0,0,0,0,0,0,0,0,1,0,0,0,0,0,0,0,0,0,0,0,0,0
happy141,0.33,0,0.31,0,0,2,0,0,0,0,0,0,0,0,0,0,0,0,0,0,0,0,1,0,0,0,0,0,0,0,0,0,0,0,0,0
happy142,0.16,0,0.47,0,0,1.71,0,0,0,0,0,0,0,0,0,0,0,0,0,0,0,0,1,0,0,0,0,0,0,0,0,0,0,0,0,0
happy143,0,0,0.57,0,0,1.46,0,0,0,0,0,0,0,0,0,0,0,0,0,0,0,0,1,0,0,0,0,0,0,0,0,0,0,0,0,0
happy144,0,0,0.4,0,0,1.07,0,0,0,0,0,0,0,0,0,0,0.24,0,0,0,0,0,1,0,0,0,0,0,0,0,0,0,0,0,0,0
happy145,0,0,0.18,0,0,0.68,0,0,0,0,0,0,0,0,0,0,0.42,0,0,0,0,0,1,0,0,0,0,0,0,0,0,0,0,0,0,0
happy146,0,0,0,0.02,0,0.3,0,0,0,0,0,0,0,0,0,0,0.58,0,0,0,0,0,1,0,0,0,0,0,0,0,0,0,0,0,0,0
happy147,0.08,0.06,0.08,0.02,0,0.29,0,0,0,0,0,0,0,0,0,0,1.01,0,0,0,0,0,1,0,0,0,0,0,0,0,0,0,0,0,0,0
happy148,0.14,0.16,0.22,0.02,0,0.78,0,0,0,0,0,0,0,0,0,0,1.32,0,1,1,0,0,1,0,0,0,0,0,0,0,0,0,0,0,0,0
happy149,0.22,0.2,0.37,0,0,1.31,0,0,0,0,0,0,0,0,0,0,1.53,0,1,1,0,0,1,0,0,0,0,0,0,0,0,0,0,0,0,0
happy150,0.2,0.14,0.46,0.08,0,1.92,0,0,0,0,0,0,0,0,0,0,0.86,0,1,1,0,0,1,0,0,0,0,0,0,0,0,0,0,0,0,0
happy151,0.17,0.05,0.5,0.14,0,2.12,0,0,0,0,0,0,0,0,0,0,0.36,0,1,1,0,0,1,0,0,0,0,0,0,0,0,0,0,0,0,0
happy152,0.13,0,0.53,0.21,0,2.28,0,0,0,0,0,0,0,0,0,0,0,0,1,1,0,0,1,0,0,0,0,0,0,0,0,0,0,0,0,0
happy153,0.06,0,0.35,0.13,0,1.82,0,0,0,0,0,0,0,0,0,0,0,0,1,1,0,0,1,0,0,0,0,0,0,0,0,0,0,0,0,0
happy154,0.03,0,0.17,0.07,0,1.32,0,0,0,0,0,0,0,0,0,0,0,0,1,1,0,0,1,0,0,0,0,0,0,0,0,0,0,0,0,0
happy155,0,0,0,0,0,0.83,0,0,0,0,0,0,0,0,0,0,0,0,1,1,0,0,1,0,0,0,0,0,0,0,0,0,0,0,0,0
happy156,0.09,0.05,0.1,0,0,1.56,0,0,0,0,0,0,0,0,0,0,0.05,0,1,1,0,0,1,0,0,0,0,0,0,0,0,0,0,0,0,0
happy157,0.17,0.11,0.19,0,0,2.32,0,0,0,0,0,0,0,0,0,0,0.08,0,0,0,0,0,1,0,0,0,0,0,0,0,0,0,0,0,0,0
happy158,0.25,0.19,0.25,0,0,2.97,0,0,0,0,0,0,0,0,0,0,0.08,0,0,0,0,0,1,0,0,0,0,0,0,0,0,0,0,0,0,0
happy159,0.17,0.13,0.15,0,0,2.74,0,0,0,0,0,0,0,0,0,0,0.02,0,0,0,0,0,1,0,0,0,0,0,0,0,0,0,0,0,0,0
happy160,0.09,0.07,0.06,0,0,2.49,0,0,0,0,0,0,0,0,0,0,0,0,0,1,0,0,1,0,0,0,0,0,0,0,0,0,0,0,0,0
happy161,0,0,0,0,0,2.34,0,0,0,0,0,0,0,0,0,0,0.02,0,0,1,0,0,1,0,0,0,0,0,0,0,0,0,0,0,0,0
happy162,0,0,0.11,0,0,2.14,0,0,0,0,0,0,0,0,0,0,0.02,0,0,1,0,0,1,0,0,0,0,0,0,0,0,0,0,0,0,0
happy163,0,0,0.21,0,0,1.94,0,0,0,0,0,0,0,0,0,0,0.02,0,0,0,0,0,1,0,0,0,0,0,0,0,0,0,0,0,0,0
happy164,0,0,0.31,0,0,1.72,0,0,0,0,0,0,0,0,0,0,0,0,0,0,0,0,1,0,0,0,0,0,0,0,0,0,0,0,0,0
happy165,0.17,0,0.21,0,0,1.41,0,0,0,0,0,0,0,0,0,0,0,0,0,0,0,0,1,0,0,0,0,0,0,0,0,0,0,0,0,0
happy166,0.24,0,0.1,0,0,1.18,0,0,0,0,0,0,0,0,0,0,0,0,0,0,0,0,1,0,0,0,0,0,0,0,0,0,0,0,1,0
happy167,0.32,0,0,0,0,0.86,0,0,0,0,0,0,0,0,0,0,0,0,0,0,0,0,1,0,0,0,0,0,0,0,0,0,0,0,1,0
happy168,0.15,0,0,0,0,0.93,0,0,0,0,0,0,0,0,0,0,0.03,0,0,0,0,0,1,0,0,0,0,0,0,0,0,0,0,0,1,0
happy169,0.08,0,0,0,0,0.92,0,0,0,0,0,0,0,0,0,0,0.03,1,1,0,0,0,1,0,0,0,0,0,0,0,0,0,0,0,1,0
happy170,0,0,0,0,0,0.96,0,0,0,0,0,0,0,0,0,0,0.05,1,1,0,0,0,1,0,0,0,0,0,0,0,0,0,0,0,0,0
happy171,0.01,0,0,0,0,1.39,0,0,0,0,0,0,0,0,0,0,0.03,1,1,0,0,0,1,0,0,0,0,0,0,0,0,0,0,0,0,0
happy172,0.02,0,0,0,0,1.89,0,0,0,0,0,0,0,0,0,0,0.03,1,1,0,0,0,1,0,0,0,0,0,0,0,0,0,0,0,0,0
happy173,0.02,0,0,0,0,2.36,0,0,0,0,0,0,0,0,0,0,0,1,1,0,0,0,1,0,0,0,0,0,0,0,0,0,0,0,0,0
happy174,0.75,0.83,0,0.07,0,1.87,0,0,0,0,0,0,0,0,0,0,0.19,1,1,0,0,0,1,0,0,0,0,0,0,0,0,0,0,0,0,0
happy175,1.51,1.65,0,0.27,0,1.2,0,0,0,0,0,0,0,0,0,0,0.37,1,1,0,0,0,1,0,0,0,0,0,0,0,0,0,0,0,0,0
happy176,2.29,2.6,0,0.49,0,0.46,0,0,0,0,0,0,0,0,0,0,0.68,1,1,0,0,0,1,0,0,0,0,0,0,0,0,0,0,0,0,0
happy177,1.57,1.82,0,0.43,0,0.22,0,0,0,0,0,0,0,0,0,0,0.74,1,1,0,0,0,1,0,0,0,0,0,0,0,0,0,0,0,0,0
happy178,0.87,1.05,0,0.22,0,0.07,0,0,0,0,0,0,0,0,0,0,0.84,0,1,0,0,0,1,0,0,0,0,0,0,0,0,0,0,0,0,0
happy179,0.09,0.13,0,0,0,0.04,0,0,0,0,0,0,0,0,0,0,0.8,0,1,0,0,0,1,0,0,0,0,0,0,0,0,0,0,0,0,0
happy180,0.06,0.07,0,0,0,0.21,0,0,0,0,0,0,0,0,0,0,0.78,0,1,0,0,0,1,0,0,0,0,0,0,0,0,0,0,0,0,0
happy181,0,0.03,0,0.01,0,0.46,0,0,0,0,0,0,0,0,0,0,0.64,0,0,0,0,0,1,0,0,0,0,0,0,0,0,0,0,0,0,0
happy182,0,0,0,0.01,0,0.69,0,0,0,0,0,0,0,0,0,0,0.46,0,0,0,0,0,1,0,0,0,0,0,0,0,0,0,0,0,0,0
happy183,0,0,0,0.01,0,0.77,0,0,0,0,0,0,0,0,0,0,0.22,0,0,0,0,0,1,0,0,0,0,0,0,0,0,0,0,0,0,0
happy184,0,0,0,0,0,0.85,0,0,0,0,0,0,0,0,0,0,0.08,0,0,0,0,0,1,0,0,0,0,0,0,0,0,0,0,0,0,0
happy185,0,0,0,0,0,0.9,0,0,0,0,0,0,0,0,0,0,0,0,0,0,0,0,1,0,0,0,0,0,0,0,0,0,0,0,0,0
happy186,0,0,0.02,0,0,1.23,0,0,0,0,0,0,0,0,0,0,0.03,0,0,0,0,0,1,0,0,0,0,0,0,0,0,0,0,0,0,0
happy187,0,0,0.03,0,0,1.54,0,0,0,0,0,0,0,0,0,0,0.05,0,0,0,0,0,1,0,0,0,0,0,0,0,0,0,0,0,0,0
happy188,0,0,0.04,0,0,1.84,0,0,0,0,0,0,0,0,0,0,0.1,0,0,0,0,0,1,0,0,0,0,0,0,0,0,0,0,0,0,0
happy189,0.17,0,0.01,0,0,1.56,0,0,0,0,0,0,0,0,0,0,0.06,0,0,0,0,0,1,0,0,0,0,0,0,0,0,0,0,0,0,0
happy190,0.35,0.01,0,0,0,1.35,0,0,0,0,0,0,0,0,0,0,0.05,0,0,0,0,0,1,0,0,0,0,0,0,0,0,0,0,0,1,0
happy191,0.5,0.01,0,0,0,1.2,0,0,0,0,0,0,0,0,0,0,0,0,0,0,0,0,1,0,0,0,0,0,0,0,0,0,0,0,1,0
happy192,0.33,0.01,0,0,0,1.01,0,0,0,0,0,0,0,0,0,0,0.2,0,0,0,0,0,1,0,0,0,0,0,0,0,0,0,0,0,1,0
happy193,0.16,0,0,0,0,0.75,0,0,0,0,0,0,0,0,0,0,0.37,0,0,0,0,0,1,0,0,0,0,0,0,0,0,0,0,0,0,0
happy194,0,0,0,0,0,0.5,0,0,0,0,0,0,0,0,0,0,0.59,0,0,0,0,0,1,0,0,0,0,0,0,0,0,0,0,0,0,0
happy195,0,0,0,0,0,0.37,0,0,0,0,0,0,0,0,0,0,0.39,0,0,0,0,0,1,0,0,0,0,0,0,0,0,0,0,0,0,0
happy196,0,0,0.01,0,0,0.22,0,0,0,0,0,0,0,0,0,0,0.22,1,1,0,0,0,1,0,0,0,0,0,0,0,0,0,0,0,0,0
happy197,0,0,0.01,0,0,0.03,0,0,0,0,0,0,0,0,0,0,0,1,1,0,0,0,1,0,0,0,0,0,0,0,0,0,0,0,0,0
happy198,0.82,0.31,0.01,0,0,0.03,0,0,0,0,0,0,0,0,0,0,0,1,1,0,0,0,1,0,0,0,0,0,0,0,0,0,0,0,0,0
happy199,1.65,0.55,0,0,0,0.03,0,0,0,0,0,0,0,0,0,0,0,1,1,0,0,0,1,0,0,0,0,0,0,0,0,0,0,0,0,0
happy200,2.5,0.78,0,0,0,0.03,0,0,0,0,0,0,0,0,0,0,0,1,1,0,0,0,1,0,0,0,0,0,0,0,0,0,0,0,0,0
happy201,2.2,0.54,0,0,0,0.07,0,0,0,0,0,0,0,0,0,0,0,1,1,0,0,0,1,0,0,0,0,0,0,0,0,0,0,0,0,0
happy202,1.96,0.38,0,0,0,0.21,0,0,0,0,0,0,0,0,0,0,0,1,1,0,0,0,1,0,0,0,0,0,0,0,0,0,0,0,0,0
happy203,1.7,0.22,0,0,0,0.36,0,0,0,0,0,0,0,0,0,0,0,1,1,0,0,0,1,0,0,0,0,0,0,0,0,0,0,0,0,0
happy204,1.18,0.15,0,0,0,1.05,0,0,0,0,0,0,0,0,0,0,0,1,1,0,0,0,1,0,0,0,0,0,0,0,0,0,0,0,0,0
happy205,0.59,0.08,0,0.01,0,1.66,0,0,0,0,0,0,0,0,0,0,0,0,1,0,0,0,1,0,0,0,0,0,0,0,0,0,0,0,0,0
happy206,0,0.01,0,0.06,0,2.11,0,0,0,0,0,0,0,0,0,0,0,0,1,0,0,0,1,0,0,0,0,0,0,0,0,0,0,0,0,0
happy207,0,0,0,0.15,0,1.83,0,0,0,0,0,0,0,0,0,0,0,0,1,0,0,0,1,0,0,0,0,0,0,0,0,0,0,0,0,0
sadness1,0,0,0.57,0,0,0,0,0,0,0,0,0,0,0,0,0,0,0,1,0,1,0,0,0,0,0,0,0,0,0,0,0,0,0,1,0
sadness2,0,0,0.7,0.1,0,0,0,0,0,0,0,0,0,0,0,0,0,0,1,1,1,0,0,0,0,0,0,0,0,0,0,0,0,0,0,0
sadness3,0,0,1.06,0.1,0,0,0,0,0,0,0,0,0,0,0,0,0.18,0,1,1,1,0,0,0,0,0,0,0,0,0,0,0,0,0,0,0
sadness4,0,0,1.39,0,0,0,0,0,0,0,0,0,0,0,0,0,0.25,0,1,1,0,0,0,0,0,0,0,0,0,0,0,0,0,0,1,0
sadness5,0,0,1.69,0,0,0,0,0,0,0,0,0,0,0,0,0,0.32,0,1,1,0,0,0,0,0,0,0,0,0,0,0,0,0,0,0,0
sadness6,0.17,0.01,1.34,0,0,0,0,0,0,0,0,0,0,0,0,0,0.14,0,1,1,0,0,0,0,0,0,0,0,0,0,0,0,0,0,0,0
sadness7,0.25,0.1,1.02,0,0,0,0,0,0,0,0,0,0,0,0,0,0.07,0,0,1,0,0,0,0,0,0,0,0,0,0,0,0,0,0,0,0
sadness8,0.32,0.1,0.76,0,0,0,0,0,0,0,0,0,0,0,0,0,0,0,0,1,0,0,0,0,0,0,0,0,0,0,0,0,0,0,0,0
sadness9,0.27,0.09,1.22,0.09,0,0,0,0,0,0,0,0,0,0,0,0,0,0,0,1,0,0,0,0,0,0,0,0,0,0,0,0,0,0,0,0
sadness10,0.22,0.02,1.65,0.11,0,0,0,0,0,0,0,0,0,0,0,0,0,0,1,1,0,0,0,0,0,0,0,0,0,0,0,0,0,0,0,0
sadness11,0.19,0.06,2.06,0.17,0,0.04,0,0,0,0,0,0,0,0,0,0,0,0,1,1,0,0,0,0,0,0,0,0,0,0,0,0,0,0,0,0
sadness12,0.39,0.09,1.42,0.08,0,0.04,0,0,0,0,0,0,0,0,0,0,0,0,1,1,0,0,0,0,0,0,0,0,0,0,0,0,0,0,0,0
sadness13,0.82,0.17,0.72,0.06,0,0.1,0,0,0,0,0,0,0,0,0,0,0,0,0,1,1,0,0,0,0,0,0,0,0,0,0,0,0,0,0,0
sadness14,1.27,0.31,0,0,0,0.07,0,0,0,0,0,0,0,0,0,0,0,0,0,1,1,0,0,0,0,0,0,0,0,0,0,0,0,0,0,0
sadness15,0.94,0.28,0,0,0,0.2,0,0,0,0,0,0,0,0,0,0,0,0,0,0,1,0,0,0,0,0,0,0,0,0,0,0,0,0,0,0
sadness16,0.49,0.17,0,0,0,0.26,0,0,0,0,0,0,0,0,0,0,0,0,0,0,1,0,0,0,0,0,0,0,0,0,0,0,0,0,0,0
sadness17,0,0,0,0,0,0.34,0,0,0,0,0,0,0,0,0,0,0,0,0,0,1,0,0,0,0,0,0,0,0,0,0,0,0,0,0,0
sadness18,0.19,0,0,0,0,0.21,0,0,0,0,0,0,0,0,0,0,0,0,0,0,1,0,0,0,0,0,0,0,0,0,0,0,0,0,0,0
sadness19,0.24,0,0,0,0,0.09,0,0,0,0,0,0,0,0,0,0,0,0,0,0,1,0,0,0,0,0,0,0,0,0,0,0,0,0,0,0
sadness20,0.24,0,0,0,0,0,0,0,0,0,0,0,0,0,0,0,0,0,0,0,1,0,0,0,0,0,0,0,0,0,0,0,0,0,0,0
sadness21,0.05,0,0.73,0,0,0,0,0,0,0,0,0,0,0,0,0,0.25,0,0,0,1,0,0,0,0,0,0,0,0,0,0,0,0,0,0,0
sadness22,0,0,1.47,0,0,0.06,0,0,0,0,0,0,0,0,0,0,0.5,0,0,1,1,0,1,0,0,0,0,0,0,0,0,0,0,0,0,0
sadness23,0,0,2.23,0,0,0.06,0,0,0,0,0,0,0,0,0,0,0.76,0,0,1,1,0,1,0,0,0,0,0,0,0,0,0,0,0,0,0
sadness24,0,0,1.49,0.07,0,0.09,0,0,0,0,0,0,0,0,0,0,0.52,0,0,1,1,0,1,0,0,0,0,0,0,0,0,0,0,0,0,0
sadness25,0,0,0.75,0.07,0,0.03,0,0,0,0,0,0,0,0,0,0,0.27,0,0,1,1,0,1,0,0,0,0,0,0,0,0,0,0,0,0,0
sadness26,0,0,0,0.07,0,0.04,0,0,0,0,0,0,0,0,0,0,0.01,0,0,1,0,0,1,0,0,0,0,0,0,0,0,0,0,0,0,0
sadness27,0.1,0,0.12,0,0,0.33,0,0,0,0,0,0,0,0,0,0,0.05,0,0,1,0,0,1,0,0,0,0,0,0,0,0,0,0,0,0,0
sadness28,0.12,0,0.22,0.07,0,0.69,0,0,0,0,0,0,0,0,0,0,0.05,0,0,1,0,0,1,0,0,0,0,0,0,0,0,0,0,0,0,0
sadness29,0.12,0,0.33,0.12,0,1.01,0,0,0,0,0,0,0,0,0,0,0.04,0,0,1,0,0,1,0,0,0,0,0,0,0,0,0,0,0,0,0
sadness30,0.02,0,0.61,0.19,0,0.7,0,0,0,0,0,0,0,0,0,0,0.7,0,0,1,0,0,1,0,0,0,0,0,0,0,0,0,0,0,0,0
sadness31,0,0,0.9,0.21,0,0.33,0,0,0,0,0,0,0,0,0,0,1.41,0,0,1,0,0,0,0,0,0,0,0,0,0,0,0,0,0,1,0
sadness32,0.03,0,1.2,0.2,0,0,0,0,0,0,0,0,0,0,0,0,2.13,0,0,1,0,0,0,0,0,0,0,0,0,0,0,0,0,0,1,0
sadness33,0.03,0,1.25,0.13,0,0,0,0,0,0,0,0,0,0,0,0,1.67,0,0,1,0,0,0,0,0,0,0,0,0,0,0,0,0,0,1,0
sadness34,0.03,0,1.23,0.03,0,0,0,0,0,0,0,0,0,0,0,0,1.13,0,0,1,0,0,0,0,0,0,0,0,0,0,0,0,0,0,1,0
sadness35,0,0,1.13,0,0,0.06,0,0,0,0,0,0,0,0,0,0,0.55,0,0,1,0,0,0,0,0,0,0,0,0,0,0,0,0,0,1,0
sadness36,0.02,0,1.4,0,0,0.33,0,0,0,0,0,0,0,0,0,0,0.33,0,0,1,0,0,0,0,0,0,0,0,0,0,0,0,0,0,1,0
sadness37,0.03,0,1.91,0,0,0.63,0,0,0,0,0,0,0,0,0,0,0.16,0,0,1,0,0,1,0,0,0,0,0,0,0,0,0,0,0,0,0
sadness38,0.17,0.07,2.52,0,0,0.85,0,0,0,0,0,0,0,0,0,0,0.01,0,0,1,0,0,1,0,0,0,0,0,0,0,0,0,0,0,0,0
sadness39,0.15,0.07,2.31,0,0,0.64,0,0,0,0,0,0,0,0,0,0,0.11,0,0,1,0,0,1,0,0,0,0,0,0,0,0,0,0,0,0,0
sadness40,0.14,0.07,1.9,0,0,0.48,0,0,0,0,0,0,0,0,0,0,0.11,1,0,1,0,0,1,0,0,0,0,0,0,0,0,0,0,0,0,0
sadness41,0,0,1.46,0,0,0.2,0,0,0,0,0,0,0,0,0,0,0.11,1,0,1,0,0,1,0,0,0,0,0,0,0,0,0,0,0,0,0
sadness42,0.03,0,0.95,0.04,0,0.13,0,0,0,0,0,0,0,0,0,0,0,1,1,1,0,0,1,0,0,0,0,0,0,0,0,0,0,0,0,0
sadness43,0.05,0,0.48,0.04,0,0,0,0,0,0,0,0,0,0,0,0,0,0,0,1,0,0,1,0,0,0,0,0,0,0,0,0,0,0,0,0
sadness44,0.05,0,0,0.04,0,0,0,0,0,0,0,0,0,0,0,0,0,0,0,1,0,0,0,0,0,0,0,0,0,0,0,0,0,0,0,0
sadness45,0.02,0,0.09,0,0,0,0,0,0,0,0,0,0,0,0,0,0.06,0,1,1,0,0,0,0,0,0,0,0,0,0,0,0,0,0,0,0
sadness46,0,0,0.13,0,0,0,0,0,0,0,0,0,0,0,0,0,0.18,0,1,1,0,0,0,0,0,0,0,0,0,0,0,0,0,0,0,0
sadness47,0,0,0.18,0,0,0,0,0,0,0,0,0,0,0,0,0,0.21,0,0,1,0,0,0,0,0,0,0,0,0,0,0,0,0,0,0,0
sadness48,0,0,0.24,0,0,0,0,0,0,0,0,0,0,0,0,0,0.58,0,0,1,0,0,0,0,0,0,0,0,0,0,0,0,0,0,0,0
sadness49,0,0,0.48,0,0,0.09,0,0,0,0,0,0,0,0,0,0,0.87,0,0,1,0,0,0,0,0,0,0,0,0,0,0,0,0,0,0,0
sadness50,0,0,0.81,0.15,0,0.24,0,0,0,0,0,0,0,0,0,0,1.31,0,0,1,1,0,0,0,0,0,0,0,0,0,0,0,0,0,0,0
sadness51,0,0,1.21,0.15,0,0.24,0,0,0,0,0,0,0,0,0,0,0.89,0,0,1,1,0,1,0,0,0,0,0,0,0,0,0,0,0,0,0
sadness52,0,0,1.45,0.15,0,0.15,0,0,0,0,0,0,0,0,0,0,0.48,0,0,1,1,0,0,0,0,0,0,0,0,0,0,0,0,0,0,0
sadness53,0,0,1.55,0,0,0,0,0,0,0,0,0,0,0,0,0,0.03,0,0,1,0,0,0,0,0,0,0,0,0,0,0,0,0,0,0,0
sadness54,0,0,1.2,0,0,0,0,0,0,0,0,0,0,0,0,0,0.03,0,0,1,0,0,1,0,0,0,0,0,0,0,0,0,0,0,0,0
sadness55,0,0,0.94,0,0,0,0,0,0,0,0,0,0,0,0,0,0.03,0,0,1,0,0,1,0,0,0,0,0,0,0,0,0,0,0,0,0
sadness56,0,0,0.7,0,0,0,0,0,0,0,0,0,0,0,0,0,0,0,0,1,0,0,0,0,0,0,0,0,0,0,0,0,0,0,0,0
sadness57,0,0,0.64,0,0,0.06,0,0,0,0,0,0,0,0,0,0,0.09,0,0,1,0,0,0,0,0,0,0,0,0,0,0,0,0,0,0,0
sadness58,0,0,0.52,0,0,0.18,0,0,0,0,0,0,0,0,0,0,0.25,0,0,1,0,0,0,0,0,0,0,0,0,0,0,0,0,0,0,0
sadness59,0,0,0.41,0,0,0.26,0,0,0,0,0,0,0,0,0,0,0.4,0,0,1,0,0,0,0,0,0,0,0,0,0,0,0,0,0,0,0
sadness60,0.57,0.06,0.67,0,0,0.2,0,0,0,0,0,0,0,0,0,0,0.38,0,0,1,0,0,0,0,0,0,0,0,0,0,0,0,0,0,0,0
sadness61,1.15,0.1,0.93,0,0,0.08,0,0,0,0,0,0,0,0,0,0,0.22,1,0,1,1,0,0,0,0,0,0,0,0,0,0,0,0,0,0,0
sadness62,1.68,0.19,1.11,0,0,0,0,0,0,0,0,0,0,0,0,0,0.07,1,0,1,1,0,0,0,0,0,0,0,0,0,0,0,0,0,0,0
sadness63,1.37,0.13,1.28,0,0,0.78,0,0,0,0,0,0,0,0,0,0,0,1,0,1,1,0,0,0,0,0,0,0,0,0,0,0,0,0,0,0
sadness64,1.06,0.09,1.36,0.04,0,1.55,0,0,0,0,0,0,0,0,0,0,0,1,1,1,1,0,0,0,0,0,0,0,0,0,0,0,0,0,0,0
sadness65,0.8,0,1.61,0.04,0,2.35,0,0,0,0,0,0,0,0,0,0,0,1,1,1,1,0,0,0,0,0,0,0,0,0,0,0,0,0,0,0
sadness66,0.9,0.29,1.05,0.04,0,1.57,0,0,0,0,0,0,0,0,0,0,0,1,1,1,1,0,0,0,0,0,0,0,0,0,0,0,0,0,0,0
sadness67,1.03,0.44,0.57,0,0,0.8,0,0,0,0,0,0,0,0,0,0,0,1,0,1,1,0,1,0,0,0,0,0,0,0,0,0,0,0,0,0
sadness68,1.16,0.64,0.06,0,0,0,0,0,0,0,0,0,0,0,0,0,0.02,1,0,1,1,0,1,0,0,0,0,0,0,0,0,0,0,0,0,0
sadness69,1.02,0.6,0.55,0,0,0,0,0,0,0,0,0,0,0,0,0,0.02,1,0,1,1,0,1,0,0,0,0,0,0,0,0,0,0,0,0,0
sadness70,0.78,0.62,0.97,0.01,0,0.02,0,0,0,0,0,0,0,0,0,0,0.02,1,0,1,1,0,0,0,0,0,0,0,0,0,0,0,0,0,0,0
sadness71,0.61,0.62,1.29,0.01,0,0.18,0,0,0,0,0,0,0,0,0,0,0,1,0,1,1,0,0,0,0,0,0,0,0,0,0,0,0,0,0,0
sadness72,0.4,0.39,1.85,0.01,0,0.18,0,0,0,0,0,0,0,0,0,0,0,0,0,1,0,0,0,0,0,0,0,0,0,0,0,0,0,0,0,0
sadness73,0.23,0.21,2.42,0,0,0.16,0,0,0,0,0,0,0,0,0,0,0,0,0,1,0,0,0,0,0,0,0,0,0,0,0,0,0,0,0,0
sadness74,0,0.02,3.04,0,0,0,0,0,0,0,0,0,0,0,0,0,0,0,0,1,0,0,0,0,0,0,0,0,0,0,0,0,0,0,0,0
sadness75,0.19,0,2.23,0,0,0,0,0,0,0,0,0,0,0,0,0,0,0,0,1,0,0,0,0,0,0,0,0,0,0,0,0,0,0,0,0
sadness76,0.33,0,1.49,0,0,0.07,0,0,0,0,0,0,0,0,0,0,0,0,0,1,0,0,0,0,0,0,0,0,0,0,0,0,0,0,0,0
sadness77,0.5,0.01,0.77,0,0,0.08,0,0,0,0,0,0,0,0,0,0,0,0,0,1,0,0,0,0,0,0,0,0,0,0,0,0,0,0,0,0
sadness78,0.31,0.01,0.62,0,0,0.08,0,0,0,0,0,0,0,0,0,0,0.08,0,0,1,0,0,0,0,0,0,0,0,0,0,0,0,0,0,0,0
sadness79,0.17,0.01,0.41,0,0,0,0,0,0,0,0,0,0,0,0,0,0.19,0,0,1,0,0,0,0,0,0,0,0,0,0,0,0,0,0,1,0
sadness80,0,0,0.24,0,0,0,0,0,0,0,0,0,0,0,0,0,0.26,0,0,1,0,0,0,0,0,0,0,0,0,0,0,0,0,0,0,0
sadness81,0,0,0.47,0,0,0,0,0,0,0,0,0,0,0,0,0,0.25,0,0,1,0,0,0,0,0,0,0,0,0,0,0,0,0,0,0,0
sadness82,0,0,0.68,0,0,0,0,0,0,0,0,0,0,0,0,0,0.14,0,0,1,1,0,0,0,0,0,0,0,0,0,0,0,0,0,1,0
sadness83,0.11,0,0.83,0,0,0,0,0,0,0,0,0,0,0,0,0,0.06,0,0,1,1,0,0,0,0,0,0,0,0,0,0,0,0,0,0,0
sadness84,0.32,0,0.76,0,0,0,0,0,0,0,0,0,0,0,0,0,0,0,0,1,1,0,0,0,0,0,0,0,0,0,0,0,0,0,0,0
